Nombre Oficial;Comuna;Vía;Número;Dirección;Teléfono;Tiene Servicio de Urgencia;Tipo de Urgencia;Tipo de SAPU
Centro de Salud Familiar Lican Ray;Villarrica;Calle;S/N;Cacique Marichanquín;Pendiente;NO;No Aplica;No Aplica
SUR Lican Ray;Villarrica;Calle;205;Cacique Marichanquín;452131776;SI;Urgencia Ambulatoria (SUR);No Aplica
Posta de Salud Rural Añilco;Villarrica;Calle;S/N;Sector Añilco;Pendiente;NO;No Aplica;No Aplica
Posta de Salud Rural Caren;Curarrehue;Calle;S/N;Camino Internacional;Pendiente;NO;No Aplica;No Aplica
Posta de Salud Rural Pulmahue;Loncoche;Calle;S/N;Sector Pulmahue;Pendiente;NO;No Aplica;No Aplica
Posta de Salud Rural La Paz;Loncoche;Calle;S/N;Aldea de La Paz;Pendiente;NO;No Aplica;No Aplica
Posta de Salud Rural Queule;Toltén;Calle;S/N;Pueblo de Queule;Pendiente;NO;No Aplica;No Aplica
Posta de Salud Rural Copihuelpe;Loncoche;Calle;S/N;Sector Copihuelpe;Pendiente;NO;No Aplica;No Aplica
Posta de Salud Rural Liumalla;Villarrica;Calle;S/N;Sector Liumalla;Pendiente;NO;No Aplica;No Aplica
Hospital Familiar y Comunitario de Loncoche;Loncoche;Calle;330;Carrera;452551750;SI;Urgencia Hospitalaria (UEH);No Aplica
Consultorio Curarrehue;Curarrehue;Calle;888;Cacique Catriqui;452351579;NO;No Aplica;No Aplica
SUR Curarrehue;Curarrehue;Calle;888;Cacique Catriqui;452351579;SI;Urgencia Ambulatoria (SUR);No Aplica
Posta de Salud Rural Catripulli ( Curarrehue );Curarrehue;Calle;S/N;Sector Catripulli;Pendiente;NO;No Aplica;No Aplica
Posta de Salud Rural Puralaco;Toltén;Calle;43;Blanco Encalada;Pendiente;NO;No Aplica;No Aplica
Posta de Salud Rural Maite;Curarrehue;Calle;S/N;Sector Maite;Pendiente;NO;No Aplica;No Aplica
Centro de Salud Familiar Los Volcanes;Villarrica;Calle;800;Los Volcanes;452413310;NO;No Aplica;No Aplica
SAR Los Volcanes;Villarrica;Calle;S/N;Segunda Faja al Volcán;452416286;SI;Urgencia ambulatoria (SAR);No Aplica
Posta de Salud Rural Molco ( Loncoche );Loncoche;Calle;S/N;Sector Molco;Pendiente;NO;No Aplica;No Aplica
Consultorio de Huiscapi;Loncoche;Calle;S/N;Pueblo de Huiscapi;Pendiente;NO;No Aplica;No Aplica
Centro Comunitario de Salud Familiar Todos los Santos;Villarrica;Calle;910;Chile Barrio;452558100;NO;No Aplica;No Aplica
SAPU Villarica;Villarrica;Calle;2001;Caupolicán;452413222;SI;Urgencia Ambulatoria (SAPU);Corto
Centro de Salud Familiar Villarrica;Villarrica;Calle;2001;Caupolicán;800500910;NO;No Aplica;No Aplica
Centro Comunitario de Salud Familiar Ñancul;Villarrica;Calle;S/N;Juan Contreras, localidad de Ñancul;452747592 - 452747594;NO;No Aplica;No Aplica
Centro Comunitario de Salud Familiar Pucón Oriente;Pucón;Calle;S/N;Río Claro;453341;NO;No Aplica;No Aplica
Laboratorio Clínica Villarrica;Villarrica;Calle;750;Vicente Reyes N°750;56962095097;NO;No Aplica;No Aplica
Centro Comunitario de Salud Familiar 21 de Mayo;Villarrica;Calle;970;Sargento Aldea;452558075;NO;No Aplica;No Aplica
Laboratorio Clínico del Lago;Villarrica;Calle;280;Camilo Henríquez;452413914;NO;No Aplica;No Aplica
SurImagen Ltda.;Villarrica;Calle;280;Camilo Henríquez;Pendiente;NO;No Aplica;No Aplica
SAPU Pucón;Pucón;Pasaje;S/N;Adolfo Kachele;452293000;SI;Urgencia Ambulatoria (SAPU);Corto
Laboratorio IMEX Limitada - Sala Externa de toma de muestra;Villarrica;Calle;845;San Martín;452732481;NO;No Aplica;No Aplica
Centro de Salud Familiar Rural Pucón;Pucón;Calle;662;Ansorena;452293131;NO;No Aplica;No Aplica
Hospital San Francisco de Pucón (D);Pucón;Calle;325;Uruguay;452441177;SI;Urgencia Hospitalaria (UEH);No Aplica
Hospital de Villarrica;Villarrica;Calle;460;San Martín;452555250;SI;Urgencia Hospitalaria (UEH);No Aplica
Centro de Diálisis Villarrica Ltda.;Villarrica;Calle;20;General Urrutia;452410707;NO;No Aplica;No Aplica
Posta de Salud Rural San Pedro de Pucón;Pucón;Calle;1424;Ejercito;Pendiente;NO;No Aplica;No Aplica
Posta de Salud Rural Boroa Sur;Toltén;Calle;S/N;Sector Boroa Sur;Pendiente;NO;No Aplica;No Aplica
Posta de Salud Rural Quelhue;Pucón;Calle;S/N;Sector Quelhue;Pendiente;NO;No Aplica;No Aplica
Posta de Salud Rural Pidenco;Gorbea;Calle;S/N;Sector El Planchado;Pendiente;NO;No Aplica;No Aplica
Posta de Salud Rural Licancullín;Toltén;Calle;S/N;Sector Licancullín;Pendiente;NO;No Aplica;No Aplica
Centro de Salud Rural Lastarria;Gorbea;Calle;330;General Urrutia;452972087;NO;No Aplica;No Aplica
SUR Lastarria;Gorbea;Calle;330;General Urrutia;452972087;SI;Urgencia Ambulatoria (SUR);No Aplica
Posta de Salud Rural Caburga;Pucón;Calle;S/N;Sector Caburga;Pendiente;NO;No Aplica;No Aplica
Posta de Salud Rural Quiñenahuín;Curarrehue;Calle;S/N;Sector Quiñenahuín;Pendiente;NO;No Aplica;No Aplica
Posta de Salud Rural Manhue;Loncoche;Calle;S/N;Sector Manhue;Pendiente;NO;No Aplica;No Aplica
Posta de Salud Rural Villa Boldos;Toltén;Calle;S/N;Aldea Villa Los Boldos;Pendiente;NO;No Aplica;No Aplica
Posta de Salud Rural Liuco (Gorbea);Gorbea;Calle;S/N;Comuna de Gorbea;Pendiente;NO;No Aplica;No Aplica
Posta de Salud Rural Paillaco;Pucón;Calle;S/N;Sector Paillaco;Pendiente;NO;No Aplica;No Aplica
Posta de Salud Rural Huellanto Alto;Gorbea;Calle;S/N;Sector Huellanto Alto;Pendiente;NO;No Aplica;No Aplica
Posta de Salud Rural Epeukura;Curarrehue;Calle;S/N;Camino a Reilgolil;Pendiente;NO;No Aplica;No Aplica
Hospital de Toltén;Toltén;Calle;636;Elvira Leal;452552250;SI;Urgencia Hospitalaria (UEH);No Aplica
Posta de Salud Rural Polul Coicoma;Pitrufquén;Calle;S/N;Sector Polul Coicoma;Pendiente;NO;No Aplica;No Aplica
Posta de Salud Rural Quitratúe;Gorbea;Calle;S/N;Aldea de Quitratúe;Pendiente;NO;No Aplica;No Aplica
Posta de Salud Rural Puraquina;Pitrufquén;Calle;S/N;Sector Puraquina;Pendiente;NO;No Aplica;No Aplica
Posta de Salud Rural Faja Ricci;Gorbea;Calle;S/N;Sector Faja Ricci;Pendiente;NO;No Aplica;No Aplica
Posta de Salud Rural Porma;Teodoro Schmidt;Calle;S/N;Sector Porma;Pendiente;NO;No Aplica;No Aplica
Posta de Salud Rural Reigolil;Curarrehue;Calle;S/N;Sector Reigolil;Pendiente;NO;No Aplica;No Aplica
Posta de Salud Rural Las Quemas (Toltén);Toltén;Calle;S/N;Sector Las Quemas;Pendiente;NO;No Aplica;No Aplica
Hospital de Gorbea;Gorbea;Calle;901;Carrera;452552203;SI;Urgencia Hospitalaria (UEH);No Aplica
Centro de Salud Familiar Hualpín;Teodoro Schmidt;Calle;320;Andrés Bello;452197219;NO;No Aplica;No Aplica
SUR Hualpín;Teodoro Schmidt;Calle;320;Andrés Bello;452197219;SI;Urgencia Ambulatoria (SUR);No Aplica
Posta de Salud Rural Millahuín;Pitrufquén;Calle;S/N;Sector Millahuín;Pendiente;NO;No Aplica;No Aplica
Posta de Salud Rural Mahuidanche;Pitrufquén;Calle;669;Bernardo O'Higgins;Pendiente;NO;No Aplica;No Aplica
Posta de Salud Rural Coipué (Freire);Freire;Calle;S/N;Caserío de Coipué;Pendiente;NO;No Aplica;No Aplica
Posta de Salud Rural La Esperanza;Cunco;Calle;S/N;Caserío La Esperanza;Pendiente;NO;No Aplica;No Aplica
Posta de Salud Rural Pocoyan;Toltén;Calle;S/N;Sector Camaguey;Pendiente;NO;No Aplica;No Aplica
Posta de Salud Rural Los Galpones;Pitrufquén;Calle;S/N;Caserío Los Galpones;Pendiente;NO;No Aplica;No Aplica
Posta de Salud Rural Comuy;Pitrufquén;Calle;S/N;Aldea de Comuy;Pendiente;NO;No Aplica;No Aplica
Posta de Salud Rural Quetroco;Freire;Calle;S/N;Sector Quetroco;Pendiente;NO;No Aplica;No Aplica
Posta de Salud Rural Guiñimo;Freire;Calle;S/N;Sector Guiñimo;Pendiente;NO;No Aplica;No Aplica
Posta de Salud Rural Quecheregue;Cunco;Calle;S/N;Sector Quecheregue;Pendiente;NO;No Aplica;No Aplica
Centro de Salud Familiar Teodoro Schmidt;Teodoro Schmidt;Calle;510;Balmaceda;452664058;NO;No Aplica;No Aplica
SUR Teodoro Schmidt;Teodoro Schmidt;Calle;510;Balmaceda;452664058;SI;Urgencia Ambulatoria (SUR);No Aplica
Posta de Salud Rural Pichichelle;Teodoro Schmidt;Calle;S/N;Sector Pichichelle;Pendiente;NO;No Aplica;No Aplica
Hospital de Pitrufquén;Pitrufquén;Calle;1235;Manuel Rodríguez;452557200;SI;Urgencia Hospitalaria (UEH);No Aplica
Centro Comunitario de Salud Familiar Barros Arana;Teodoro Schmidt;Calle;S/N;1 Poniente, localidad de Barros Arana;452664032;NO;No Aplica;No Aplica
Centro de Salud Familiar Andrés Sandoval Calderón;Cunco;Calle;S/N;Padre Marcelino Huichamil S\N;452578202;NO;No Aplica;No Aplica
SUR Los Laureles;Cunco;Calle;S/N;Freire;452578202;SI;Urgencia Ambulatoria (SUR);No Aplica
Posta de Salud Rural Radal;Freire;Calle;S/N;Aldea de Radal;Pendiente;NO;No Aplica;No Aplica
Laboratorio Clínico Pitrufquén;Pitrufquén;Calle;330;Francisco Bilbao;452393280;NO;No Aplica;No Aplica
Posta de Salud Rural Yenehue;Teodoro Schmidt;Calle;S/N;Sector Yenehue;Pendiente;NO;No Aplica;No Aplica
SAPU Pitrufquén;Pitrufquén;Calle;585;León Gallo Sur;757600;SI;Urgencia Ambulatoria (SAPU);Corto
Centro de Salud Familiar Pitrufquén;Pitrufquén;Calle;585;León Gallo Sur;757600;NO;No Aplica;No Aplica
Centro Comunitario de Salud Familiar Ultraestación;Pitrufquén;Calle;S/N;Nueva;452463485;NO;No Aplica;No Aplica
Posta de Salud Rural Lliuco(Freire);Freire;Calle;S/N;Sector Lliuco;Pendiente;NO;No Aplica;No Aplica
Centro Comunitario de Salud Familiar El Bosque;Freire;Calle;1248;Errazuriz;452759380 - 452759385;NO;No Aplica;No Aplica
Posta de Salud Rural Leufuche;Cunco;Calle;S/N;Sector Leufuche;Pendiente;NO;No Aplica;No Aplica
Centro de Salud Familiar Freire;Freire;Calle;187;Camalez;452391088;NO;No Aplica;No Aplica
Posta de Salud Rural Allipén;Freire;Calle;S/N;Caserío de Allipen;Pendiente;NO;No Aplica;No Aplica
SAPU Freire;Freire;Calle;187;Pedro Camalez;452391088;SI;Urgencia Ambulatoria (SAPU);Corto
SUR QUEPE;Freire;Calle;170;21 de Mayo;452759556;SI;Urgencia Ambulatoria (SUR);No Aplica
Posta de Salud Rural Huilío;Freire;Calle;S/N;Sector Huilío;Pendiente;NO;No Aplica;No Aplica
Centro Comunitario de Salud Familiar Las Villas;Cunco;Calle;1871;Parque Nahuelbuta, Villa los Parques;452578202 - 452578313;NO;No Aplica;No Aplica
Posta de Salud Rural Las Hortensias;Cunco;Calle;S/N;Aldea Las Hortensias;Pendiente;NO;No Aplica;No Aplica
Posta de Salud Rural Puaucho(Saavedra);Saavedra;Calle;S/N;Sector Puaucho;Pendiente;NO;No Aplica;No Aplica
Hospital Dr. Eduardo González Galeno (Cunco);Cunco;Avenida;31;Santa María;452552050;SI;Urgencia Hospitalaria (UEH);No Aplica
Posta de Salud Rural Número Tres;Saavedra;Calle;410;Bernardo O'Higgins;Pendiente;NO;No Aplica;No Aplica
Posta de Salud Rural Piedra Alta;Saavedra;Calle;S/N;Sector Piedra Alta;Pendiente;NO;No Aplica;No Aplica
Posta de Salud Rural Huapi;Saavedra;Calle;S/N;Sector Huapi - Budi;Pendiente;NO;No Aplica;No Aplica
Posta de Salud Rural Queupue;Nueva Imperial;Calle;S/N;Sector Queupue;Pendiente;NO;No Aplica;No Aplica
Posta de Salud Rural Nohualhue;Teodoro Schmidt;Calle;S/N;Sector Nohualhue;Pendiente;NO;No Aplica;No Aplica
Posta de Salud Rural Villa García;Cunco;Calle;S/N;Caserío Villa García;Pendiente;NO;No Aplica;No Aplica
Posta de Salud Rural Pto. Domínguez;Saavedra;Calle;S/N;Sector Puerto Rodríguez;Pendiente;NO;No Aplica;No Aplica
Posta de Salud Rural Santa María Llaima;Melipeuco;Calle;S/N;Sector Santa María Llaima;Pendiente;NO;No Aplica;No Aplica
Posta de Salud Rural Alto Boroa;Nueva Imperial;Calle;S/N;Sector Alto Boroa;Pendiente;NO;No Aplica;No Aplica
Posta de Salud Rural Alto Carén;Melipeuco;Calle;S/N;Sector Alto Carén;Pendiente;NO;No Aplica;No Aplica
Centro de Salud Familiar Quepe;Freire;Calle;S/N;Condell;452391082;NO;No Aplica;No Aplica
Posta de Salud Rural La Sierra;Saavedra;Calle;S/N;Sector La Sierra;Pendiente;NO;No Aplica;No Aplica
Posta de Salud Rural San Ramón;Padre Las Casas;Calle;S/N;Caserío de San Ramón;Pendiente;NO;No Aplica;No Aplica
SUR San Ramón;Padre Las Casas;Calle;S/N;Caserío de San Ramón;Pendiente;SI;Urgencia Ambulatoria (SUR);No Aplica
Centro de Salud Familiar Melipeuco;Melipeuco;Calle;14;Pedro Aguirre Cerda;452581051;NO;No Aplica;No Aplica
SUR Melipeuco;Melipeuco;Calle;14;Pedro Aguirre Cerda;452581051;SI;Urgencia Ambulatoria (SUR);No Aplica
Posta de Salud Rural Cumcumllaque;Melipeuco;Calle;S/N;Sector Cumcumllaque;Pendiente;NO;No Aplica;No Aplica
Posta de Salud Rural Deume;Saavedra;Calle;S/N;Sector Deume - Rucatraro;Pendiente;NO;No Aplica;No Aplica
Posta de Salud Rural Mañío Ducañán;Nueva Imperial;Calle;S/N;Sector Mañío Ducañán;Pendiente;NO;No Aplica;No Aplica
Posta de Salud Rural Molco (Nueva Imperial );Nueva Imperial;Calle;S/N;Sector Molco;Pendiente;NO;No Aplica;No Aplica
Posta de Salud Rural El Temo;Saavedra;Calle;S/N;Sector El Temo;Pendiente;NO;No Aplica;No Aplica
Posta de Salud Rural Chucauco;Freire;Calle;S/N;Sector Chucauco;Pendiente;NO;No Aplica;No Aplica
Posta de Salud Rural Pedregoso (Cunco);Cunco;Calle;S/N;Sector Pedregoso;Pendiente;NO;No Aplica;No Aplica
Centro de Salud Intercultural Boroa Filulawen (D);Nueva Imperial;Calle;S/N;Sector Boroa-Filulawen;Pendiente;NO;No Aplica;No Aplica
Posta de Salud Rural Metrenco;Padre Las Casas;Calle;S/N;Sector Metrenco;Pendiente;NO;No Aplica;No Aplica
Posta de Salud Rural Romopulli;Saavedra;Calle;S/N;Sector Romopulli;Pendiente;NO;No Aplica;No Aplica
Posta de Salud Rural Roble Huacho;Padre Las Casas;Calle;S/N;Sector Roble Huacho;Pendiente;NO;No Aplica;No Aplica
Posta de Salud Rural Bochoco;Nueva Imperial;Calle;S/N;Sector Bochoco;Pendiente;NO;No Aplica;No Aplica
Posta de Salud Rural Icalma;Lonquimay;Calle;S/N;Sector Icalma;Pendiente;NO;No Aplica;No Aplica
Posta de Salud Rural Laurel Huacho;Padre Las Casas;Calle;S/N;Sector Laurel Huacho;Pendiente;NO;No Aplica;No Aplica
Posta de Salud Rural Catripulli ( Carahue);Carahue;Calle;S/N;Sector Catripulli;Pendiente;NO;No Aplica;No Aplica
Posta de Salud Rural Cheucán;Saavedra;Calle;S/N;Sector Cheucán - Butaco;Pendiente;NO;No Aplica;No Aplica
Hospital Dr. Arturo Hillerns Larrañaga (Saavedra);Saavedra;Calle;42;Los Araucanos;452558112;SI;Urgencia Hospitalaria (UEH);No Aplica
Posta de Salud Rural Perquiñán;Saavedra;Calle;S/N;Sector Perquiñán;Pendiente;NO;No Aplica;No Aplica
Posta de Salud Rural Codinhue;Vilcún;Calle;S/N;Sector Codinhue;Pendiente;NO;No Aplica;No Aplica
Centro de Salud Familiar Conun Huenu;Padre Las Casas;Avenida;1405;Pulmahue;452742348;NO;No Aplica;No Aplica
SAR Conun Huenu;Padre Las Casas;Avenida;1405;Pulmahue;452742348;SI;Urgencia ambulatoria (SAR);No Aplica
Complejo Asistencial Padre las Casas;Padre Las Casas;Ruta;1398;Ruta 194, Km 0,7 Localidad de Makewe;Red Minsal 450070;SI;Urgencia Hospitalaria (UEH);No Aplica
Centro de Salud Familiar Pulmahue;Padre Las Casas;Avenida;1419;La Quebrada;452332842;NO;No Aplica;No Aplica
Hospital Makewe;Padre Las Casas;Camino;S/N;Camino misión araucana km 12 Comuna de Padre las Casas ;931939862;SI;Urgencia Hospitalaria (UEH);No Aplica
SUR Makewe Pelale;Padre Las Casas;Calle;S/N;Sector Maquehue;452352628;SI;Urgencia Ambulatoria (SUR);No Aplica
Posta de Salud Rural Agua Tendida;Carahue;Calle;S/N;Sector Agua Tendida;Pendiente;NO;No Aplica;No Aplica
Centro de Salud Familiar Las Colinas;Padre Las Casas;Calle;130;Mañil;800500904;NO;No Aplica;No Aplica
Centro de Salud Familiar Labranza;Temuco;Calle;11;Uno Norte;452376675;NO;No Aplica;No Aplica
SAR Labranza;Temuco;Calle;411;Uno Oriente;452376561;SI;Urgencia ambulatoria (SAR);No Aplica
COSAM Padre Las Casas;Padre Las Casas;Calle;1398;Mac-Iver;452990596;NO;No Aplica;No Aplica
SAPU Padre Las Casas;Padre Las Casas;Calle;S/N;Barroso esquina Corvalan;452962020;SI;Urgencia Ambulatoria (SAPU);Corto
Centro de Salud Familiar Padre Las Casas;Padre Las Casas;Calle;S/N;Barroso;800500905;NO;No Aplica;No Aplica
Centro de Diálisis Nephrocare Padre Las Casas;Padre Las Casas;Avenida;215;Huichahue;452759733;NO;No Aplica;No Aplica
Centro de Salud Familiar Amanecer;Temuco;Calle;1280;Garibaldi;452557300;NO;No Aplica;No Aplica
Posta de Salud Rural Rulo;Nueva Imperial;Calle;S/N;Sector Rulo;Pendiente;NO;No Aplica;No Aplica
SAPU Amanecer;Temuco;Calle;1280;Garibaldi;452557300;SI;Urgencia Ambulatoria (SAPU);Corto
Posta de Salud Rural Quifo;Saavedra;Calle;S/N;Sector Quifo-Oñoico;Pendiente;NO;No Aplica;No Aplica
COSAM Amanecer;Temuco;Pasaje;160;Los Lirios, Villa Los Aromos;Pendiente;NO;No Aplica;No Aplica
Centro Comunitario de Salud Familiar Las Quilas;Temuco;Calle;S/N;Los Copihues;452212017;NO;No Aplica;No Aplica
Posta de Salud Rural Truf Truf;Padre Las Casas;Calle;S/N;Sector Truf Truf;Pendiente;NO;No Aplica;No Aplica
Posta de Salud Rural Nehuentué;Carahue;Calle;S/N;Aldea de Nehuentué;Pendiente;NO;No Aplica;No Aplica
Laboratorio Inmunológico del Sur - Labisur;Temuco;Avenida;1881;Los Pablos;452201056;NO;No Aplica;No Aplica
SAPU Nueva Imperial;Nueva Imperial;Calle;115;Castellón;452557800;SI;Urgencia Ambulatoria (SAPU);Corto
Centro de Salud Familiar Nueva Imperial;Nueva Imperial;Calle;258;Gorostiaga;452611063;NO;No Aplica;No Aplica
Centro de Diálisis Los Ángeles Limitada;Nueva Imperial;Calle;634;Baquedano;452612558;NO;No Aplica;No Aplica
Clínica Dental Móvil Doble. Pat. BBZV83 (Temuco);Temuco;Calle;969;Pratt;Pendiente;NO;No Aplica;No Aplica
Clínica Dental Móvil Doble. Pat. BBZV84 (Temuco);Temuco;Calle;969;Pratt;Pendiente;NO;No Aplica;No Aplica
Clínica Dental Móvil Doble. Pat. BBZV85 (Temuco);Temuco;Calle;969;Pratt;Pendiente;NO;No Aplica;No Aplica
Unidad de Salud Funcionario SS. Araucanía Sur;Temuco;Calle;969;Arturo Prat;Pendiente;NO;No Aplica;No Aplica
Actividades gestionadas por la Dirección del Servicio para apoyo de la Red (S.S Araucanía Sur);Temuco;Calle;969;Arturo Prat;Pendiente;NO;No Aplica;No Aplica
PRAIS (S.S Araucanía Sur);Temuco;Calle;969;Arturo Prat;Pendiente;NO;No Aplica;No Aplica
MegaSalud S.A. Centro Médico y Dental Temuco;Temuco;Calle;846;Manuel Bulnes;452642854;NO;No Aplica;No Aplica
Laboratorio Clínico Dra. Ruth Schurch;Temuco;Calle;815;Manuel Bulnes;452232460;NO;No Aplica;No Aplica
Centro Odontológico Uno Salud Dental Temuco;Temuco;Calle;850;Andres Bello;227634497;NO;No Aplica;No Aplica
Laboratorio Citopatología Dra. Espejo;Temuco;Calle;765;Andres Bello;452272136;NO;No Aplica;No Aplica
Centro de Salud Gendarmería de Chile (Temuco);Temuco;Calle;751;Bulnes;452646500;NO;No Aplica;No Aplica
Centro Comunitario de Salud Familiar San Antonio;Temuco;Calle;570;Pudeto;452551450;NO;No Aplica;No Aplica
Hospital Intercultural de Nueva Imperial;Nueva Imperial;Calle;115;Castellón;452577866;SI;Urgencia Hospitalaria (UEH);No Aplica
Centro de Diálisis Tecnodial Ltda.;Temuco;Calle;168;Andres Bello;452238346;NO;No Aplica;No Aplica
Centro Médico y Dental de Carabineros de Chile Zona IX Araucanía;Temuco;Calle;1293;Claro Solar;452466386;NO;No Aplica;No Aplica
Laboratorio Clínico Cegnos;Temuco;Calle;687;Antonio Varas Of. 302;452461750-452257666;NO;No Aplica;No Aplica
Servicio Médico Legal Temuco;Temuco;Calle;202;Antonio Varas;(45)749901 - 902 - 903 - 904;NO;No Aplica;No Aplica
Centro Radiológico y Ecotomografico Imagen;Temuco;Calle;341;Varas;452236362;NO;No Aplica;No Aplica
Centro de la Cruz Roja Temuco;Temuco;Calle;676;Carrera;452210750;NO;No Aplica;No Aplica
Centro de Diagnóstico y Tratamiento SIRESA;Temuco;Calle;942;Manuel Montt;452960000;NO;No Aplica;No Aplica
Laboratorio Clínico Marticorena;Temuco;Calle;520;Vicuña Mackenna;452214040;NO;No Aplica;No Aplica
Centro de Diálisis Araucanía Limitada;Temuco;Calle;641;El Bosque;452212875;NO;No Aplica;No Aplica
Laboratorio Clínico Imex;Temuco;Calle;539;Thiers;452204240;NO;No Aplica;No Aplica
Laboratorio Clínico UC Temuco;Temuco;Pasaje;600;El Bosque;452685010-452553900;NO;No Aplica;No Aplica
Hospital Clínico de la Universidad Mayor;Temuco;Avenida;1955;Gabriela;452310282;SI;Urgencia Hospitalaria (UEH);No Aplica
Centro de Salud Mutual CChC Temuco;Temuco;Avenida;615;Holandesa;452206000;NO;No Aplica;No Aplica
Laboratorio Sociedad Inmunomédica;Temuco;Calle;1745;Lago Puyehue;452955501;NO;No Aplica;No Aplica
Instituto de Mamografía Limitada;Temuco;Calle;621;Dinamarca;452216210;NO;No Aplica;No Aplica
Centro de Diálisis Villarrica Limitada;Temuco;Calle;621;Dinamarca;452204280;NO;No Aplica;No Aplica
Centro Diagnóstico Histopatología Citopatología;Temuco;Calle;621;Dinamarca;452204216;NO;No Aplica;No Aplica
Centro de Salud Familiar Metodista (D);Temuco;Calle;1449;Bernardo O'Higgins;Pendiente;NO;No Aplica;No Aplica
Centro de Imagenología y Diagnóstico;Temuco;Calle;1745;Lago Puyehue;452654002;NO;No Aplica;No Aplica
Laboratorio Clínico Bioanalisis;Temuco;Calle;350;Arturo Prat;452239146;NO;No Aplica;No Aplica
Centro Comunitario de Salud Familiar El Alto;Nueva Imperial;Calle;586;San Pedro;452683253 - 452683254;NO;No Aplica;No Aplica
Clínica Alemana de Temuco;Temuco;Calle;645;Senador Estebanez;452201201;SI;Urgencia Hospitalaria (UEH);No Aplica
Hospital Dr. Hernán Henríquez Aravena (Temuco);Temuco;Calle;115;Montt;452296537;SI;Urgencia Hospitalaria (UEH);No Aplica
SAR Miraflores;Temuco;Calle;1369;Miraflores;452555047;SI;Urgencia ambulatoria (SAR);No Aplica
Centro de Referencia de Salud Miraflores;Temuco;Calle;1369;Miraflores;452555002;NO;No Aplica;No Aplica
Centro de Salud Familiar Miraflores (Temuco);Temuco;Calle;1369;Miraflores;452555002;NO;No Aplica;No Aplica
Centro CONIN Temuco;Temuco;Calle;670;Catrihuala;452210195;NO;No Aplica;No Aplica
Clínica Oncológica CIDO SpA;Temuco;Calle;599;Hochstetter, Oficinas 602 y 603;452657374;NO;No Aplica;No Aplica
SAPU Santa Rosa;Temuco;Calle;316;Pircunche;452224626;SI;Urgencia Ambulatoria (SAPU);Corto
Sociedad de Imagenología Clínica Bioimagen Ltda.;Temuco;Calle;299;Prieto Norte;452955999;NO;No Aplica;No Aplica
Laboratorio Clínico Medisur;Temuco;Calle;299;Prieto Norte;452955900;NO;No Aplica;No Aplica
Centro de Salud Familiar Santa Rosa;Temuco;Calle;316;Pircunche;452555803;NO;No Aplica;No Aplica
Centro de Salud Regional de Gendarmería de Chile Región de La Araucanía;Temuco;Calle;899;Miraflores;Pendiente;NO;No Aplica;No Aplica
Hospital del Trabajador AChS de Temuco;Temuco;Calle;324;Francia;452295700;NO;No Aplica;No Aplica
Unidad de Imagenología Sorema del Sur;Temuco;Calle;324;Francia;452230474;NO;No Aplica;No Aplica
Laboratorio Clínico Municipalidad de Temuco;Temuco;Avenida;165;Prieto Norte;45 2215564;NO;No Aplica;No Aplica
Centro Odontológico Uno Salud Dental Temuco 2;Temuco;Avenida;895;Alemania, Local 5;227634497;NO;No Aplica;No Aplica
Clínica Dental Móvil Pat. UXU-852-0 (Temuco);Temuco;Avenida;659;Balmaceda, interior Liceo Pablo Neruda;Pendiente;NO;No Aplica;No Aplica
Laboratorio Inmunolab SpA;Temuco;Calle;159;Trizano, Oficina 12;963887339;NO;No Aplica;No Aplica
Posta de Salud Rural Calof;Saavedra;Calle;S/N;Sector Calof;Pendiente;NO;No Aplica;No Aplica
Instituto Teletón Temuco;Temuco;Calle;390;Aldunate;452208511;NO;No Aplica;No Aplica
Centro de Salud CIREPLAST;Temuco;Avenida;40;España;452730067;NO;No Aplica;No Aplica
Laboratorio Clínico Bionet S.A. - Temuco;Temuco;Avenida;1955;Gabriela Mistral;Pendiente;NO;No Aplica;No Aplica
Laboratorio Clínico MegaSalud Temuco;Temuco;Avenida;1955;Gabriela Mistral;452310251;NO;No Aplica;No Aplica
Centro de Salud Familiar Villa Alegre;Temuco;Calle;S/N;Argentina;800500909;NO;No Aplica;No Aplica
SAPU Villa Alegre;Temuco;Avenida;820;Argentina;452365196;SI;Urgencia Ambulatoria (SAPU);Corto
Posta de Salud Rural Codopille;Padre Las Casas;Calle;S/N;Sector Codopille;Pendiente;NO;No Aplica;No Aplica
COSAM Temuco;Temuco;Calle;51;Vicuña Mackenna;452557550;NO;No Aplica;No Aplica
Centro de Salud Familiar Pueblo Nuevo;Temuco;Calle;2815;Nahuelbuta;452558260;NO;No Aplica;No Aplica
SAPU Pueblo Nuevo;Temuco;Calle;2815;Nahuelbuta;452220038;SI;Urgencia Ambulatoria (SAPU);Corto
Centro Comunitario de Salud Familiar Carahue;Carahue;Calle;565;Ercilla;452681577;NO;No Aplica;No Aplica
SAR Pedro de Valdivia;Temuco;Calle;1051;Chivilcán;452732836;SI;Urgencia ambulatoria (SAR);No Aplica
Centro de Salud Familiar Pedro de Valdivia;Temuco;Calle;910;Chivilcán;452348388;NO;No Aplica;No Aplica
Centro de Salud Familiar El Carmen;Temuco;Calle;100;Los Compositores;452643500;NO;No Aplica;No Aplica
Hospital de Carahue;Carahue;Calle;602;Almagro;452555118;SI;Urgencia Hospitalaria (UEH);No Aplica
Centro Comunitario de Salud Familiar Villa el Salar;Temuco;Calle;1180;Huasquinta;452558092;NO;No Aplica;No Aplica
Centro Comunitario de Salud Familiar Arquenco;Temuco;Calle;855;Arcalafquen;452558080;NO;No Aplica;No Aplica
Posta de Salud Rural Ranco;Saavedra;Calle;S/N;Sector Ranco;Pendiente;NO;No Aplica;No Aplica
Posta de Salud Rural Tranapuente;Carahue;Calle;S/N;Sector Tranapuente;Pendiente;NO;No Aplica;No Aplica
Posta de Salud Rural General López;Vilcún;Calle;S/N;Aldea General López;Pendiente;NO;No Aplica;No Aplica
Centro Comunitario de Salud Familiar Cherquenco;Vilcún;Calle;S/N;Mendoza, Cherquenco;452603100;NO;No Aplica;No Aplica
Centro de Salud Familiar de Cajón;Vilcún;Calle;357;Gabriela Mistral, Pueblo de Cajón;452603153;NO;No Aplica;No Aplica
Hospital de Vilcún;Vilcún;Calle;680;Bulnes;452555450;SI;Urgencia Hospitalaria (UEH);No Aplica
Posta de Salud Rural Puyangue;Carahue;Calle;S/N;Sector Puyangue;Pendiente;NO;No Aplica;No Aplica
Centro de Salud Docente Asistencial Monseñor Sergio Valech;Temuco;Calle;11;Km. 11, camino a Cholchol;Pendiente;NO;No Aplica;No Aplica
Posta de Salud Rural San Patricio;Vilcún;Calle;S/N;Aldea de San Patricio;Pendiente;NO;No Aplica;No Aplica
Posta de Salud Rural Quintrilpe;Vilcún;Calle;S/N;Sector Quintrilpe;Pendiente;NO;No Aplica;No Aplica
Posta de Salud Rural Liucura (Lonquimay);Lonquimay;Calle;S/N;Caserío de Licura;Pendiente;NO;No Aplica;No Aplica
Centro Comunitario de Salud Familiar Pillanlelbún;Lautaro;Calle;405;Alonso de Ercilla, localidad de Pillanlelbún;452655950;NO;No Aplica;No Aplica
SUR Pillanlelbun;Lautaro;Calle;305;Alonso de Ercilla, localidad de Pillanlelbún;452603090;SI;Urgencia Ambulatoria (SUR);No Aplica
Posta de Salud Rural Chivilcoyan;Nueva Imperial;Calle;S/N;Sector Chivilcoyan;Pendiente;NO;No Aplica;No Aplica
Centro de Salud Familiar Trovolhue;Carahue;Calle;1335;Juan Pablo;452351306;NO;No Aplica;No Aplica
SUR Trovolhue;Carahue;Calle;1335;Juan Pablo;452351306;SI;Urgencia Ambulatoria (SUR);No Aplica
Posta de Salud Rural Coi Coi;Carahue;Calle;S/N;Sector Coi Coi - Lobería;Pendiente;NO;No Aplica;No Aplica
Posta de Salud Rural Conoco;Temuco;Calle;S/N;Sector Conoco;Pendiente;NO;No Aplica;No Aplica
Posta de Salud Rural Pumalal;Lautaro;Calle;S/N;Sector Pumalal;Pendiente;NO;No Aplica;No Aplica
Posta de Salud Rural Los Placeres;Carahue;Calle;S/N;Sector Los Placeres;Pendiente;NO;No Aplica;No Aplica
Posta de Salud Rural Blanco Lepín;Lautaro;Calle;S/N;Sector Blanco Lepín;Pendiente;NO;No Aplica;No Aplica
Posta de Salud Rural Santa Celia;Carahue;Calle;S/N;Sector Santa Celia;Pendiente;NO;No Aplica;No Aplica
Centro de Salud Familiar Chol Chol;Cholchol;Calle;552;Aníbal Pinto;452351507;NO;No Aplica;No Aplica
SUR Chol Chol;Cholchol;Calle;552;Aníbal Pinto;452351507;SI;Urgencia Ambulatoria (SUR);No Aplica
Posta de Salud Rural Collimallín;Temuco;Calle;S/N;Sector Collimallín;Pendiente;NO;No Aplica;No Aplica
Servicio Médico Legal Nueva Imperial;Nueva Imperial;Avenida;2215;Lo Alerces Km 1 Camino a Chol Chol;(45)613401;NO;No Aplica;No Aplica
Posta de Salud Rural Miramar;Nueva Imperial;Calle;S/N;Sector Miramar;Pendiente;NO;No Aplica;No Aplica
Posta de Salud Rural El Manzano (Carahue);Carahue;Calle;S/N;Sector el Manzano;Pendiente;NO;No Aplica;No Aplica
Posta de Salud Rural Loncoyamo;Carahue;Calle;S/N;Sector Loncoyamo;Pendiente;NO;No Aplica;No Aplica
Posta de Salud Rural Muco Chureo;Lautaro;Calle;S/N;Sector Muco Chureo;Pendiente;NO;No Aplica;No Aplica
Posta de Salud Rural Malalche;Cholchol;Calle;S/N;Sector Malalche;Pendiente;NO;No Aplica;No Aplica
Posta de Salud Rural Vega Redonda;Vilcún;Calle;S/N;Sector Vega Redonda;Pendiente;NO;No Aplica;No Aplica
Posta de Salud Rural Vega Larga;Lautaro;Calle;S/N;Sector Vega Larga;Pendiente;NO;No Aplica;No Aplica
Posta de Salud Rural El Escudo;Lautaro;Calle;S/N;Sector El Escudo;Pendiente;NO;No Aplica;No Aplica
Posta de Salud Rural Sierra Nevada;Lonquimay;Calle;S/N;Caserío de Sierra Nevada;Pendiente;NO;No Aplica;No Aplica
Posta de Salud Rural Pichipehuenco;Lonquimay;Calle;S/N;Sector Pichipihuenco;Pendiente;NO;No Aplica;No Aplica
Posta de Salud Rural Colonia Lautaro;Lautaro;Calle;S/N;Sector Colonia Lautaro;Pendiente;NO;No Aplica;No Aplica
Centro Comunitario de Salud Familiar Guacolda;Lautaro;Calle;S/N;Barros Arana;452201454;NO;No Aplica;No Aplica
Centro de Salud Familiar Lautaro;Lautaro;Calle;S/N;Rodríguez;452557570;NO;No Aplica;No Aplica
Hospital Dr. Abraham Godoy Peña (Lautaro);Lautaro;Avenida;850;Diego Barros Arana;452552750;SI;Urgencia Hospitalaria (UEH);No Aplica
Posta de Salud Rural Pedregoso (Lonquimay);Lonquimay;Calle;S/N;Sector Pedregoso;Pendiente;NO;No Aplica;No Aplica
Posta de Salud Rural Alto Yupehue;Carahue;Calle;S/N;Sector Alto Yupehue;Pendiente;NO;No Aplica;No Aplica
Posta de Salud Rural Rapa - Mañiuco;Galvarino;Calle;S/N;Sector Rapa - Mañiuco;Pendiente;NO;No Aplica;No Aplica
Posta de Salud Rural Matte y Sánchez;Carahue;Calle;S/N;Sector Matte y Sánchez;Pendiente;NO;No Aplica;No Aplica
Posta de Salud Rural Hueñalihuén;Carahue;Calle;S/N;Sector Hueñalihuén;Pendiente;NO;No Aplica;No Aplica
SAR Lautaro;Lautaro;Calle;750;Erasmo Escala;Pendiente;SI;Urgencia ambulatoria (SAR);No Aplica
Posta de Salud Rural Dollinco (Lautaro);Lautaro;Calle;S/N;Sector Dollinco;Pendiente;NO;No Aplica;No Aplica
Posta de Salud Rural Santa Carolina;Galvarino;Calle;S/N;Sector Santa Carolina;Pendiente;NO;No Aplica;No Aplica
Centro Comunitario de Salud Familiar Dr. Maximino Beltran Mora;Lautaro;Calle;425;Erasmo Ovando;Pendiente;NO;No Aplica;No Aplica
Posta de Salud Rural La Tepa;Curacautín;Calle;S/N;Sector La Tepa;Pendiente;NO;No Aplica;No Aplica
Posta de Salud Rural Huentelar;Cholchol;Calle;S/N;Sector Huentelar;Pendiente;NO;No Aplica;No Aplica
Posta de Salud Rural Coihueco (Lautaro);Lautaro;Calle;S/N;Sector Coihueco;Pendiente;NO;No Aplica;No Aplica
Posta de Salud Rural La Cabaña;Carahue;Calle;S/N;Sector la Cabaña;Pendiente;NO;No Aplica;No Aplica
Posta de Salud Rural Ñereco;Lautaro;Calle;S/N;Sector Ñereco;Pendiente;NO;No Aplica;No Aplica
Posta de Salud Rural Nilpe;Galvarino;Calle;S/N;Sector Nilpe;Pendiente;NO;No Aplica;No Aplica
Posta de Salud Rural Río Blanco (Curacautín);Curacautín;Calle;S/N;Sector Río Blanco;Pendiente;NO;No Aplica;No Aplica
Posta de Salud Rural Repocura;Galvarino;Calle;S/N;Sector Repocura - Chacaico;Pendiente;NO;No Aplica;No Aplica
Posta de Salud Rural Santa Julia;Curacautín;Calle;S/N;Caserío de Santa Julia;Pendiente;NO;No Aplica;No Aplica
Posta de Salud Rural Malalcahuello;Curacautín;Calle;S/N;Aldea de Malalcahuello;Pendiente;NO;No Aplica;No Aplica
Posta de Salud Rural Santa Ana;Curacautín;Calle;S/N;Aldea de Santa Ana;Pendiente;NO;No Aplica;No Aplica
Posta de Salud Rural Ailinco;Galvarino;Calle;S/N;Sector Ailinco;Pendiente;NO;No Aplica;No Aplica
Posta de Salud Rural Santa Rosa;Lautaro;Calle;S/N;Sector Los Solares;Pendiente;NO;No Aplica;No Aplica
Posta de Salud Rural Fortín Ñielol;Galvarino;Calle;S/N;Sector Fortín Ñielol;Pendiente;NO;No Aplica;No Aplica
Posta de Salud Rural Quillem;Perquenco;Calle;S/N;Pueblo de Quillem;Pendiente;NO;No Aplica;No Aplica
Posta de Salud Rural Manzanar ( Curacautín );Curacautín;Calle;S/N;Caserío de Manzanar;Pendiente;NO;No Aplica;No Aplica
Posta de Salud Rural Pitraco;Perquenco;Calle;S/N;Sector Pitraco;Pendiente;NO;No Aplica;No Aplica
Posta de Salud Rural Huamaqui;Cholchol;Calle;S/N;Sector Huamaqui;Pendiente;NO;No Aplica;No Aplica
Hospital de Lonquimay;Lonquimay;Calle;1060;O'Higgins;452557500;SI;Urgencia Hospitalaria (UEH);No Aplica
Posta de Salud Rural Lolén;Lonquimay;Calle;S/N;Sector Lolén;Pendiente;NO;No Aplica;No Aplica
Posta de Salud Rural Cuel Ñielol;Galvarino;Calle;S/N;Sector Cuel Ñielol;Pendiente;NO;No Aplica;No Aplica
Hospital Dr. Oscar Hernández E.(Curacautín);Curacautín;Calle;S/N;Serrano;452551800;SI;Urgencia Hospitalaria (UEH);No Aplica
Posta de Salud Rural Rariruca;Curacautín;Calle;S/N;Caserío de Rariruca;Pendiente;NO;No Aplica;No Aplica
SUR Perquenco;Perquenco;Calle;S/N;Esmeralda;452537005;SI;Urgencia Ambulatoria (SUR);No Aplica
Centro de Salud Familiar Perquenco;Perquenco;Calle;880;Nicasio de Toro;452537005;NO;No Aplica;No Aplica
Hospital de Galvarino;Galvarino;Calle;498;Mac Iver;452552152;SI;Urgencia Hospitalaria (UEH);No Aplica
Posta de Salud Rural Rucatraro;Galvarino;Calle;S/N;Sector Rucatraro;Pendiente;NO;No Aplica;No Aplica
Posta de Salud Rural La Piedra;Galvarino;Calle;S/N;Sector La Piedra;Pendiente;NO;No Aplica;No Aplica
Posta de Salud Rural Molco;Traiguén;Calle;S/N;Sector Molco;Pendiente;NO;No Aplica;No Aplica
Posta de Salud Rural La Herradura;Lumaco;Calle;S/N;Sector La Herradura;Pendiente;NO;No Aplica;No Aplica
Posta de Salud Rural Radalco;Curacautín;Calle;S/N;Sector Radalco;Pendiente;NO;No Aplica;No Aplica
Posta de Salud Rural Selva Oscura;Victoria;Calle;S/N;Aldea Selva Oscura;Pendiente;NO;No Aplica;No Aplica
Posta de Salud Rural Pangueco (Galvarino);Galvarino;Calle;S/N;Sector Pangueco;Pendiente;NO;No Aplica;No Aplica
Posta de Salud Rural Cullinco;Victoria;Calle;S/N;Sector Cullinco;Pendiente;NO;No Aplica;No Aplica
Posta de Salud Rural Púa;Victoria;Calle;S/N;Aldea de Púa;Pendiente;NO;No Aplica;No Aplica
Posta de Salud Rural Pichipellahuén;Lumaco;Calle;S/N;Aldea de Pichipellahuén;Pendiente;NO;No Aplica;No Aplica
Posta de Salud Rural Manzanar ( Lumaco );Lumaco;Calle;S/N;Sector Manzanar;Pendiente;NO;No Aplica;No Aplica
Posta de Salud Rural Temulemu;Traiguén;Calle;S/N;Sector Temulemu;Pendiente;NO;No Aplica;No Aplica
Posta de Salud Rural Curilebu;Lumaco;Calle;S/N;Sector Curilebu;Pendiente;NO;No Aplica;No Aplica
Posta de Salud Rural California;Victoria;Calle;S/N;Sector California;Pendiente;NO;No Aplica;No Aplica
Posta de Salud Rural Quino;Victoria;Calle;S/N;Aldea de Quino;Pendiente;NO;No Aplica;No Aplica
Posta de Salud Rural Reducción Pailahueque;Victoria;Calle;S/N;Sector Reducción Pailahueque;Pendiente;NO;No Aplica;No Aplica
Posta de Salud Rural Didaico;Traiguén;Calle;S/N;Sector Didaico;Pendiente;NO;No Aplica;No Aplica
Posta de Salud Rural Chanco;Lumaco;Calle;S/N;Caserío de Chanco;Pendiente;NO;No Aplica;No Aplica
Posta de Salud Rural Ranquil;Lonquimay;Calle;S/N;Ranquil Km. 7;Pendiente;NO;No Aplica;No Aplica
Posta de Salud Rural Troyo;Lonquimay;Calle;S/N;Caserío de Troyo;Pendiente;NO;No Aplica;No Aplica
Laboratorio Clínico Centro Médico Traiguén;Traiguén;Calle;648;Balmaceda;452861132;NO;No Aplica;No Aplica
Hospital Dr. Dino Stagno M.(Traiguén);Traiguén;Calle;751;21 de Mayo;452555539;SI;Urgencia Hospitalaria (UEH);No Aplica
Centro de Salud Familiar Victoria;Victoria;Calle;730;Muñoz Vargas;800500902;NO;No Aplica;No Aplica
SAR Victoria;Victoria;Calle;1920;Chorrillos;452551206;SI;Urgencia ambulatoria (SAR);No Aplica
Hospital San José de Victoria;Victoria;Calle;1100;Dartnell;452555929;SI;Urgencia Hospitalaria (UEH);No Aplica
Centro de Diálisis Temuco Ltda.;Victoria;Calle;1013;Dartnell;452844840;NO;No Aplica;No Aplica
PAME Estadio Municipal;Victoria;Calle;S/N;Ohiggins, Estadio Municipal;Pendiente;NO;No Aplica;No Aplica
Centro Comunitario de Salud Familiar Cons. Victoria;Victoria;Calle;1240;Manuel Rodríguez;Pendiente;NO;No Aplica;No Aplica
Posta de Salud Rural Rosario;Victoria;Calle;S/N;Sector Rosario;Pendiente;NO;No Aplica;No Aplica
Centro Comunitario de Salud Familiar Capitán Pastene;Lumaco;Calle;S/N;Pueblo de Capitán Pastene;Pendiente;NO;No Aplica;No Aplica
Consultorio Lumaco;Lumaco;Calle;S/N;Carlos Condell;Pendiente;NO;No Aplica;No Aplica
Posta de Salud Rural Niblinto;Collipulli;Calle;S/N;Sector Niblinto;Pendiente;NO;No Aplica;No Aplica
Centro Comunitario de Salud Familiar Pailahueque;Ercilla;Calle;310;Errazuriz, Sector de Pailahueque;Pendiente;NO;No Aplica;No Aplica
Posta de Salud Rural Quechereguas;Traiguén;Calle;S/N;Sector Quechereguas;Pendiente;NO;No Aplica;No Aplica
Posta de Salud Rural Contraco;Lonquimay;Calle;S/N;Sector Contraco;Pendiente;NO;No Aplica;No Aplica
Posta de Salud Rural Loncoyán;Purén;Calle;S/N;Sector Loncoyán;Pendiente;NO;No Aplica;No Aplica
Posta de Salud Rural Aniñir;Traiguén;Calle;S/N;Sector Aniñir;Pendiente;NO;No Aplica;No Aplica
Posta de Salud Rural Cuartel Quemado;Purén;Calle;S/N;Sector Cuartel Quemado;Pendiente;NO;No Aplica;No Aplica
Posta de Salud Rural Chacaico;Ercilla;Calle;S/N;Sector Chacaico;Pendiente;NO;No Aplica;No Aplica
Posta de Salud Rural Quilquén;Traiguén;Calle;S/N;Caserío Villa Quilquén;Pendiente;NO;No Aplica;No Aplica
Posta de Salud Rural Encinar;Collipulli;Calle;S/N;Sector Encinar;Pendiente;NO;No Aplica;No Aplica
Posta de Salud Rural El Lingue;Purén;Calle;S/N;Sector El Lingue;Pendiente;NO;No Aplica;No Aplica
Posta de Salud Rural Temocuicui;Ercilla;Calle;S/N;Sector Temocuicui;Pendiente;NO;No Aplica;No Aplica
Posta de Salud Rural Amargo;Collipulli;Calle;S/N;Sector Amargo;Pendiente;NO;No Aplica;No Aplica
Posta de Salud Rural Santa Rosa (Los Sauces );Los Sauces;Calle;S/N;Sector Santa Rosa;Pendiente;NO;No Aplica;No Aplica
Consultorio Ercilla;Ercilla;Avenida;289;Ercilla;455130547;NO;No Aplica;No Aplica
Posta de Salud Rural Tricauco;Ercilla;Calle;S/N;Sector Tricauco;Pendiente;NO;No Aplica;No Aplica
Posta de Salud Rural Huitranlebu;Purén;Calle;S/N;Sector Huitranlebu;Pendiente;NO;No Aplica;No Aplica
Hospital de Purén;Purén;Calle;1562;Imperial;452555700;SI;Urgencia Hospitalaria (UEH);No Aplica
Posta de Salud Rural La Batalla;Collipulli;Calle;S/N;Sector La Batalla;Pendiente;NO;No Aplica;No Aplica
Posta de Salud Rural Chequenco;Ercilla;Calle;S/N;Sector Chequenco;Pendiente;NO;No Aplica;No Aplica
Centro Comunitario de Salud Familiar Caupolicán;Purén;Calle;S/N;KM 5, Villa Caupolicán;452793323;NO;No Aplica;No Aplica
Consultorio Los Sauces;Los Sauces;Calle;601;Ercilla;Pendiente;NO;No Aplica;No Aplica
Hospital de Collipulli;Collipulli;Calle;647;Bulnes;452552378;SI;Urgencia Hospitalaria (UEH);No Aplica
Posta de Salud Rural Colonia Manuel Rodríguez;Angol;Calle;S/N;Sector Colonia Manuel Rodríguez;Pendiente;NO;No Aplica;No Aplica
Centro de Diálisis VidaDial Collipulli;Collipulli;Calle;499;Cruz;452811288;NO;No Aplica;No Aplica
Centro Comunitario de Salud Familiar Santa Mónica;Collipulli;Calle;201;Fuerte Curaco;452993079;NO;No Aplica;No Aplica
Posta de Salud Rural Coyancahuín;Purén;Calle;S/N;Sector Coyancahuín;Pendiente;NO;No Aplica;No Aplica
Posta de Salud Rural Trintre;Los Sauces;Calle;S/N;Caserío de Trintre;Pendiente;NO;No Aplica;No Aplica
Posta de Salud Rural Maica;Collipulli;Calle;S/N;Sector Maica;Pendiente;NO;No Aplica;No Aplica
Posta de Salud Rural Pivadenco;Los Sauces;Calle;S/N;Sector Pivadenco;Pendiente;NO;No Aplica;No Aplica
Posta de Salud Rural San Ramón de Los Sauces;Los Sauces;Calle;S/N;Pueblo de San Ramón de los Sauces;Pendiente;NO;No Aplica;No Aplica
Posta de Salud Rural Vegas Blancas;Angol;Calle;S/N;Sector Vegas Blancas;Pendiente;NO;No Aplica;No Aplica
Centro de Salud Familiar Huequén;Angol;Calle;S/N;Camino Los Sauces;800500901;NO;No Aplica;No Aplica
SAPU Huequén;Angol;Calle;71;Camino Los Sauces;452996300;SI;Urgencia Ambulatoria (SAPU);Corto
Centro de Diagnóstico e Imágenes del Sur - CEDISUR SpA;Angol;Avenida;1732;Bernardo O’Higgins;452734501;NO;No Aplica;No Aplica
Centro de Salud Familiar Alemania de Angol;Angol;Calle;445;Baviera;800500903;NO;No Aplica;No Aplica
SAR Alemania;Angol;Calle;302;Baviera;452717374;SI;Urgencia ambulatoria (SAR);No Aplica
Laboratorio Clínico Cordillera - Sala Externa de Toma de Muestras;Angol;Calle;211;Vergara, Box Nº 5;432210284;NO;No Aplica;No Aplica
Clínica Dental Móvil Triple. Pat. BBTD27 (Angol);Angol;Calle;387;Pedro de Oña;452551400;NO;No Aplica;No Aplica
Clínica Dental Móvil Triple. Pat. BBTD28 (Angol);Angol;Calle;387;Pedro de Oña;452551400;NO;No Aplica;No Aplica
Actividades gestionadas por la Dirección del Servicio para apoyo de la Red (S.S Araucanía Norte);Angol;Calle;387;Pedro de Oña;Pendiente;NO;No Aplica;No Aplica
Consultorio Prefectura de Carabineros de Chile Malleco;Angol;Calle;340;Dieciocho;452466423;NO;No Aplica;No Aplica
Centro Comunitario de Salud Familiar El Retiro;Angol;Calle;541;Rucapellán;Pendiente;NO;No Aplica;No Aplica
Centro de Diálisis Angol Dial Ltda.;Angol;Calle;20;Lautaro;452718015;NO;No Aplica;No Aplica
Laboratorio Biomec;Angol;Calle;120;Caupolicán;452712230;NO;No Aplica;No Aplica
Centro de Diálisis Bayo Dial;Angol;Calle;48;Caupolicán;452463670;NO;No Aplica;No Aplica
Centro de Salud Familiar Piedra del Águila;Angol;Calle;537;Cautín;452519001;NO;No Aplica;No Aplica
Posta de Salud Rural Mininco;Collipulli;Calle;S/N;Pueblo de Mininco;Pendiente;NO;No Aplica;No Aplica
Hospital Dr. Mauricio Heyermann (Angol);Angol;Calle;752;Ilabaca;452551111;SI;Urgencia Hospitalaria (UEH);No Aplica
Servicio Imagenológico Radiosur Ltda;Angol;Calle;745;Coronel Ilabaca;951489851;NO;No Aplica;No Aplica
Laboratorio Clínico Angol;Angol;Calle;745;Ilabaca;452463210;NO;No Aplica;No Aplica
Centro de Salud Gendarmería de Chile Angol;Angol;Calle;S/N;Los Confines;452646530;NO;No Aplica;No Aplica
Clínica de la Asociación Chilena de Seguridad AChS Angol;Angol;Calle;811;Ilabaca;452711962;NO;No Aplica;No Aplica
Unidad de Salud Funcionarior UST S.S Araucanía Norte;Angol;Calle;387;Pedro de Oña;Pendiente;NO;No Aplica;No Aplica
PRAIS (S.S Araucanía Norte);Angol;Calle;387;Pedro de Oña;Pendiente;NO;No Aplica;No Aplica
Servicio Médico Legal Angol;Angol;Calle;786;Los Confines;(45)715232;NO;No Aplica;No Aplica
Posta de Salud Rural Tijeral;Renaico;Calle;S/N;Pueblo de Trijeral;Pendiente;NO;No Aplica;No Aplica
Centro de Salud Familiar Renaico;Renaico;Calle;S/N;Progreso;452811850;NO;No Aplica;No Aplica
Posta de Salud Rural Coyanco;Angol;Calle;S/N;Caserío de Coyanco;Pendiente;NO;No Aplica;No Aplica
Centro de Apoyo Comunitario para personas con Demencia, KIMÜNCHE;Temuco;Calle;61;Melinka. Sector Turingia;452551041;NO;No Aplica;No Aplica
Vacucenter SPA;Temuco;Calle;560;Calle Hochstetter 560, Dpto 603;996008830;NO;No Aplica;No Aplica
CENTRO RADIOLOGICO RADYMED;Villarrica;Calle;602;GENERAL URRUTIA;976217774;NO;No Aplica;No Aplica
Turistik S.A.;Temuco;Calle;630;Andrés Bello 630;934210133;NO;No Aplica;No Aplica
Centro Radiológico Varas SPA;Temuco;Calle;341;Antonio Varas 341;921952087;NO;No Aplica;No Aplica
SAR Cajón;Vilcún;Calle;357;Gabriela Mistral;45-2603170;NO;No Aplica;No Aplica
