Nombre Oficial;Comuna;Vía;Número;Dirección;Teléfono;Tiene Servicio de Urgencia;Tipo de Urgencia;Tipo de SAPU
Posta de Salud Rural Casa de Piedra;Tirúa;Calle;S/N;Sector Casa de Piedra;Pendiente;NO;No Aplica;No Aplica
Posta de Salud Rural Alto Quilantahue;Tirúa;Calle;S/N;Sector Alto Quilantahue;Pendiente;NO;No Aplica;No Aplica
Posta de Salud Rural Primer Agua;Tirúa;Calle;S/N;Sector Primer Agua;Pendiente;NO;No Aplica;No Aplica
Posta de Salud Rural Loncotripai;Tirúa;Calle;S/N;Sector Loncotripai;412726220;NO;No Aplica;No Aplica
Posta de Salud Rural Isla Mocha;Lebu;Calle;S/N;Sector Isla Mocha;Pendiente;NO;No Aplica;No Aplica
Centro de Salud Familiar Isabel Jiménez;Tirúa;Calle;S/N;Atahualpa;412721172;NO;No Aplica;No Aplica
SUR Isabel Jiménez;Tirúa;Calle;S/N;Atahualpa;412721172;SI;Urgencia Ambulatoria (SUR);No Aplica
Centro Comunitario de Salud Familiar Quidico;Tirúa;Calle;S/N;Aldea de Quidico;Pendiente;NO;No Aplica;No Aplica
Posta de Salud Rural Mahuilque Bajo;Contulmo;Calle;S/N;Sector Mahuilque Bajo;Pendiente;NO;No Aplica;No Aplica
Posta de Salud Rural Los Huapes de Aillahuampi;Contulmo;Calle;S/N;Sector Los Huapes de Aillahuampi;Pendiente;NO;No Aplica;No Aplica
Posta de Salud Rural Ranquilhue;Tirúa;Calle;S/N;Sector Ranquilhue;Pendiente;NO;No Aplica;No Aplica
Posta de Salud Rural Huillinco;Contulmo;Calle;S/N;Sector Huillinco;Pendiente;NO;No Aplica;No Aplica
Posta de Salud Rural Ralco Lepoy;Alto Biobío;Calle;S/N;Sector Ralco Lepoy;Pendiente;NO;No Aplica;No Aplica
Centro Comunitario de Salud Familiar Antiquina;Cañete;Calle;S/N;Ruta P70 R, Sector Antiquina;413279421;NO;No Aplica;No Aplica
Posta de Salud Rural Malla Palmucho;Alto Biobío;Calle;S/N;Sector Malla Palmucho;Pendiente;NO;No Aplica;No Aplica
Hospital de Contulmo;Contulmo;Calle;1075;Las Araucarias;412724150;SI;Urgencia Hospitalaria (UEH);No Aplica
Posta de Salud Rural Pocuno;Cañete;Calle;S/N;Sector Pocuno;Pendiente;NO;No Aplica;No Aplica
Anexo Sociosanitario Contulmo;Contulmo;Calle;S/N;Las Araucarias s/n, comuna de Contulmo;Pendiente;NO;No Aplica;No Aplica
Posta de Salud Rural Huentelolén;Cañete;Calle;S/N;Sector Huentelolén;Pendiente;NO;No Aplica;No Aplica
Centro Comunitario de Salud Familiar Elicura;Contulmo;Calle;S/N;Los Peumos, Sector Calebu;Pendiente;NO;No Aplica;No Aplica
Posta de Salud Rural El Cisne;Mulchén;Calle;S/N;Sector El Cisne;Pendiente;NO;No Aplica;No Aplica
Posta de Salud Rural Lloncao;Cañete;Calle;S/N;Caserío de Lloncao;Pendiente;NO;No Aplica;No Aplica
Centro de Salud Familiar Ralco;Alto Biobío;Calle;S/N;Domingo Salvo;432374151;NO;No Aplica;No Aplica
SUR Ralco;Alto Biobío;Calle;S/N;Domingo Salvo;432374151;SI;Urgencia Ambulatoria (SUR);No Aplica
Posta de Salud Rural Callaqui;Alto Biobío;Calle;S/N;Sector Callaqui;Pendiente;NO;No Aplica;No Aplica
Posta de Salud Rural Pitril;Alto Biobío;Calle;S/N;Caserío Los Canelos;Pendiente;NO;No Aplica;No Aplica
Posta de Salud Rural Cayucupil;Cañete;Calle;S/N;Sector Cayucupil;Pendiente;NO;No Aplica;No Aplica
Posta de Salud Rural Pangueco (Cañete);Cañete;Calle;S/N;Sector Pangueco;Pendiente;NO;No Aplica;No Aplica
Posta de Salud Rural Pangue;Los Álamos;Calle;S/N;Sector Pague;Pendiente;NO;No Aplica;No Aplica
Posta de Salud Rural Alhuelemu;Mulchén;Calle;S/N;Sector Alhuelemu;Pendiente;NO;No Aplica;No Aplica
Laboratorio Clínico Bio-Test;Cañete;Calle;156-A;Lautaro;Pendiente;NO;No Aplica;No Aplica
COSAM Cañete;Cañete;Calle;464;Saavedra;412612894;NO;No Aplica;No Aplica
Posta de Salud Rural Piñiquihue;Quilaco;Calle;S/N;Sector Piñiquihue;Pendiente;NO;No Aplica;No Aplica
Policlínico Asociación Chilena de Seguridad AChS Cañete;Cañete;Calle;S/N;Acceso Norte;Pendiente;NO;No Aplica;No Aplica
Hospital Intercultural Kallvu Llanka (Cañete);Cañete;Calle;S/N;Ruta P-60-R, Esquina Ruta P-520. Entrada Norte;412724100;SI;Urgencia Hospitalaria (UEH);No Aplica
Posta de Salud Rural Mañihual;Mulchén;Calle;S/N;Sector Mañihual;Pendiente;NO;No Aplica;No Aplica
Posta de Salud Rural Loncopangue;Quilaco;Calle;S/N;Caserío de Loncopangue;Pendiente;NO;No Aplica;No Aplica
Posta de Salud Rural Ranquilco;Los Álamos;Calle;S/N;Sector Ranquilco;Pendiente;NO;No Aplica;No Aplica
Posta de Salud Rural Santa Adriana;Mulchén;Calle;S/N;Sector Santa Adriana;Pendiente;NO;No Aplica;No Aplica
Posta de Salud Rural Butalelbum;Alto Biobío;Calle;S/N;Sector Butalelbum;Pendiente;NO;No Aplica;No Aplica
Posta de Salud Rural Llenquehue;Cañete;Calle;S/N;Caserío de Llenquehue;Pendiente;NO;No Aplica;No Aplica
Centro Comunitario de Salud Familiar Villa La Granja;Mulchén;Calle;823;El Hualle, Villa La Granja;432332252 - Red Minsal 432252;NO;No Aplica;No Aplica
Hospital de Mulchén;Mulchén;Calle;455;Villagra;432332282;SI;Urgencia Hospitalaria (UEH);No Aplica
Centro de Diálisis Los Ángeles Sucursal Mulchén;Mulchén;Calle;310;Amunategui;Pendiente;NO;No Aplica;No Aplica
Posta de Salud Rural Cauñicú;Alto Biobío;Calle;S/N;Sector Cauñicú;Pendiente;NO;No Aplica;No Aplica
Posta de Salud Rural Rucalhue;Quilaco;Calle;S/N;Caserío de Ricalhue;Pendiente;NO;No Aplica;No Aplica
Posta de Salud Rural Malla Malla;Alto Biobío;Calle;S/N;Sector Malla Malla;Pendiente;NO;No Aplica;No Aplica
Centro Comunitario de Salud Familiar Mulchén;Mulchén;Calle;1541;Fresia;432333240;NO;No Aplica;No Aplica
Posta de Salud Rural Trapa Trapa;Alto Biobío;Calle;S/N;Sector Trapa Trapa;Pendiente;NO;No Aplica;No Aplica
Consultorio General Rural Quilaco;Quilaco;Calle;S/N;Colón Sin Número;432633614;NO;No Aplica;No Aplica
SUR Quilaco;Quilaco;Calle;S/N;Colón Sin Número;432633614;SI;Urgencia Ambulatoria (SUR);No Aplica
Posta de Salud Rural Campamento;Quilaco;Calle;S/N;Caserío de Campamento;Pendiente;NO;No Aplica;No Aplica
Posta de Salud Rural Pehuén;Lebu;Calle;S/N;Aldea de Pehuén;Pendiente;NO;No Aplica;No Aplica
Posta de Salud Rural Antihuala;Los Álamos;Calle;S/N;Pueblo de Antihuala;Pendiente;NO;No Aplica;No Aplica
Centro Comunitario de Salud Familiar Santa Bárbara;Santa Bárbara;Calle;218;Rosas;432333500;NO;No Aplica;No Aplica
Clínica Dental Móvil Triple. Pat. NW6995 (Santa Bárbara);Santa Bárbara;Calle;S/N;Salamanca;432581203;NO;No Aplica;No Aplica
Hospital Comunitario de Santa Bárbara;Santa Bárbara;Calle;S/N;Salamanca;432332770;SI;Urgencia Hospitalaria (UEH);No Aplica
Posta de Salud Rural Los Junquillos;Santa Bárbara;Calle;S/N;Sector Los Junquillos;Pendiente;NO;No Aplica;No Aplica
Posta de Salud Rural Santa Rosa (Lebu);Lebu;Calle;S/N;Pueblo de Santa Rosa;Pendiente;NO;No Aplica;No Aplica
Posta de Salud Rural Los Boldos;Santa Bárbara;Calle;S/N;Sector Los Boldos;Pendiente;NO;No Aplica;No Aplica
Posta de Salud Rural El Huachi;Santa Bárbara;Calle;S/N;Sector El Huachi;Pendiente;NO;No Aplica;No Aplica
Posta de Salud Rural Rapelco;Mulchén;Calle;S/N;Sector Rapelco;Pendiente;NO;No Aplica;No Aplica
Posta de Salud Rural Tres Pinos;Los Álamos;Calle;S/N;Sector Tres Pinos;Pendiente;NO;No Aplica;No Aplica
Posta de Salud Rural Rihue;Negrete;Calle;S/N;Caserío Rihue;Pendiente;NO;No Aplica;No Aplica
Centro de Salud Familiar Los Álamos;Los Álamos;Calle;835;Pedro Eyheramendy;412723640;NO;No Aplica;No Aplica
SAR Los Álamos;Los Álamos;Calle;600;Pedro Eyheramendy;412533201;SI;Urgencia ambulatoria (SAR);No Aplica
Centro Comunitario de Salud Familiar Los Álamos;Los Álamos;Avenida;823;Diego Portales;Pendiente;NO;No Aplica;No Aplica
Hospital de Lebu;Lebu;Calle;54;Dr. Octavio Orellana Fuentes;412724500;SI;Urgencia Hospitalaria (UEH);No Aplica
COSAM Lebu;Lebu;Calle;365;Saavedra;412512922;NO;No Aplica;No Aplica
Clínica Dental Móvil Triple. Pat. VP5666 (Lebu);Lebu;Calle;302;Carrera;412724372;NO;No Aplica;No Aplica
Clínica Dental Móvil Simple. Pat. VP5664 (Lebu);Lebu;Calle;302;Carrera;412724372;NO;No Aplica;No Aplica
Clínica Dental Móvil Simple. Pat. DDKB17 (Lebu);Lebu;Calle;302;Carrera;412724372;NO;No Aplica;No Aplica
Unidad de Salud Funcionario S.S Arauco;Lebu;Calle;302;Carrera;Pendiente;NO;No Aplica;No Aplica
Actividades gestionadas por la Dirección del Servicio para apoyo de la Red (S.S de Arauco);Lebu;Calle;302;Carrera;Pendiente;NO;No Aplica;No Aplica
PRAIS (S.S Arauco);Lebu;Calle;302;Carrera;Pendiente;NO;No Aplica;No Aplica
Centro de Salud Familiar Lebu Norte;Lebu;Calle;S/N;Ignacio Carrera Pinto;412511527;NO;No Aplica;No Aplica
Posta de Salud Rural San Carlos;Los Ángeles;Calle;S/N;Pueblo San Carlos de Purén;Pendiente;NO;No Aplica;No Aplica
Centro de Salud Familiar Yanequén;Negrete;Calle;S/N;Ignacio Carrera Pinto;432551422;NO;No Aplica;No Aplica
SUR Negrete;Negrete;Calle;S/N;Ignacio Carrera Pinto;432551422;SI;Urgencia Ambulatoria (SUR);No Aplica
Posta de Salud Rural Tierras Libres;Mulchén;Calle;S/N;Sector Tierras Libres;Pendiente;NO;No Aplica;No Aplica
Posta de Salud Rural Llano Blanco;Los Ángeles;Calle;S/N;Sector Llano Blanco;Pendiente;NO;No Aplica;No Aplica
Posta de Salud Rural Villucura;Santa Bárbara;Calle;S/N;Caserío de Villicura;Pendiente;NO;No Aplica;No Aplica
Posta de Salud Rural Coigue;Negrete;Calle;S/N;Pueblo de Coihue;Pendiente;NO;No Aplica;No Aplica
Posta de Salud Rural Mesamávida (Los Ángeles);Los Ángeles;Calle;S/N;Sector Mesamávida;Pendiente;NO;No Aplica;No Aplica
Posta de Salud Rural Choroico (Nacimiento);Nacimiento;Calle;S/N;Sector Choroico;Pendiente;NO;No Aplica;No Aplica
Posta de Salud Rural El Castillo;Santa Bárbara;Calle;S/N;Sector El Castillo;Pendiente;NO;No Aplica;No Aplica
Posta de Salud Rural Río Pardo;Quilleco;Calle;S/N;Sector Río Prado;Pendiente;NO;No Aplica;No Aplica
Hospital Comunitario y Familiar de Nacimiento;Nacimiento;Calle;S/N;Julio Hemmelmann;432332970;SI;Urgencia Hospitalaria (UEH);No Aplica
Policlínico AChS Subregional Nacimiento;Nacimiento;Calle;915;El Palque;432511447;NO;No Aplica;No Aplica
Centro Comunitario de Salud Familiar Lautaro;Nacimiento;Calle;S/N;Octavio Jara Wolf;432333280;NO;No Aplica;No Aplica
Centro Comunitario de Salud Familiar Julio Hemmelmann;Nacimiento;Calle;209;Los Cipreses;432333260;NO;No Aplica;No Aplica
SAR Entre Ríos;Los Ángeles;Avenida;2201;Oriente;432333543;SI;Urgencia ambulatoria (SAR);No Aplica
Centro de Salud Familiar Entre Ríos;Los Ángeles;Avenida;2201;Oriente;432333543;NO;No Aplica;No Aplica
Centro Comunitario de Salud Familiar Villa Los Ríos;Los Ángeles;Pasaje;2109;Cali, Villa Los Ríos;432333710;NO;No Aplica;No Aplica
Centro Comunitario de Salud Familiar Los Carrera;Los Ángeles;Calle;1302;Los Carreras;432333700;NO;No Aplica;No Aplica
Posta de Salud Rural Cañicura;Quilleco;Calle;S/N;Sector Cañicura;Pendiente;NO;No Aplica;No Aplica
Posta de Salud Rural Carrizal;Nacimiento;Calle;S/N;Sector Carrizal;Pendiente;NO;No Aplica;No Aplica
Centro de Salud Familiar Paillihue;Los Ángeles;Calle;437;Juan Guzmán;800500805;NO;No Aplica;No Aplica
SAPU Paillihue;Los Ángeles;Calle;1302;Los Carrera;432333700;SI;Urgencia Ambulatoria (SAPU);Corto
Centro Comunitario de Salud Familiar El Peral;Los Ángeles;Avenida;565;El Peral, Lote 1-A, El Peral;432333660 - 432333661;NO;No Aplica;No Aplica
Servicio Médico Legal Los Ángeles;Los Ángeles;Avenida;1465;Las Industrias;(43)341646 - 341926;NO;No Aplica;No Aplica
Centro de Salud Familiar Eleuterio Ramírez;Curanilahue;Pasaje;S/N;Cuatro;412691358;NO;No Aplica;No Aplica
SAPU Eleuterio Ramírez;Curanilahue;Pasaje;S/N;Cuatro;412416290;SI;Urgencia Ambulatoria (SAPU);Corto
Clínica Adventista;Los Ángeles;Calle;456;Manuel Rodríguez;432314056;NO;No Aplica;No Aplica
SAPU 2 Septiembre;Los Ángeles;Calle;605;Max Jara;432333742;SI;Urgencia Ambulatoria (SAPU);Corto
Centro de Salud Familiar 2 Septiembre;Los Ángeles;Calle;605;Max Jara;800500804;NO;No Aplica;No Aplica
Unidad de Salud Funcionario S.S Bíobío;Los Ángeles;Avenida;147;Ricardo Vicuña;Pendiente;NO;No Aplica;No Aplica
PRAIS (S.S Bíobío);Los Ángeles;Avenida;147;Ricardo Vicuña;Pendiente;NO;No Aplica;No Aplica
Laboratorio Clínico San Pedro;Curanilahue;Calle;770;Los Leones;412494939;NO;No Aplica;No Aplica
Actividades gestionadas por la Dirección del Servicio para apoyo de la Red (S.S de Bíobío);Los Ángeles;Avenida;147;Ricardo Vicuña;Pendiente;NO;No Aplica;No Aplica
Diálisis Nueva Vida S.p.A.;Los Ángeles;Calle;177;Bernardo O´Higgins;Pendiente;NO;No Aplica;No Aplica
COSAM Curanilahue;Curanilahue;Avenida;216;Ramón de Zamora;412693959;NO;No Aplica;No Aplica
Hospital Provincial Dr. Rafael Avaría (Curanilahue);Curanilahue;Avenida;111;Bernardo O'Higgins;412725480;SI;Urgencia Hospitalaria (UEH);No Aplica
Complejo Asistencial Dr. Víctor Ríos Ruiz (Los Ángeles);Los Ángeles;Avenida;147;Ricardo Vicuña;432336000;SI;Urgencia Hospitalaria (UEH);No Aplica
Policlínico AChS Los ángeles;Los Ángeles;Avenida;252;Ricardo;432401701;NO;No Aplica;No Aplica
Vacunatorio Buena Salud;Los Ángeles;Calle;300;Valdivia;Pendiente;NO;No Aplica;No Aplica
MegaSalud S.A. Centro Médico y Dental Los Ángeles;Los Ángeles;Calle;615;Lautaro;432311338;NO;No Aplica;No Aplica
Laboratorio Clínico Central Kojchen y Compañía Limitada;Los Ángeles;Calle;357;Mendoza;432323507;NO;No Aplica;No Aplica
Centro de Salud Familiar Quilleco;Quilleco;Calle;S/N;Bascur;432611010;NO;No Aplica;No Aplica
SUR Quilleco;Quilleco;Calle;S/N;Bascur;432611010;SI;Urgencia Ambulatoria (SUR);No Aplica
Centro Comunitario de Salud Familiar Las Azaleas;Los Ángeles;Avenida;S/N;Las Azaleas;432333720;NO;No Aplica;No Aplica
Centro Odontológico Uno Salud Dental Los Ángeles;Los Ángeles;Calle;485;Valdivia, Local 1;Pendiente;NO;No Aplica;No Aplica
Centro Comunitario de Salud Familiar Los Pioneros;Los Ángeles;Avenida;S/N;Estanislao Anguita;432333730;NO;No Aplica;No Aplica
Centro de Salud Familiar Nuevo Horizonte;Los Ángeles;Calle;2360;Aguas Calientes;432333221;NO;No Aplica;No Aplica
Laboratorio Clínico Cordillera;Los Ángeles;Calle;581;Genaro Reyes;432210280;NO;No Aplica;No Aplica
SAPU Nuevo Horizonte;Los Ángeles;Calle;2360;Aguas Calientes;432333220;SI;Urgencia Ambulatoria (SAPU);Corto
Clínica Los Andes;Los Ángeles;Calle;581;Dr. Genaro Reyes;432210201;SI;Urgencia Hospitalaria (UEH);No Aplica
Centro de Dialisis Los Angeles;Los Ángeles;Calle;560;Ercilla;Pendiente;NO;No Aplica;No Aplica
Posta de Salud Rural Virquenco;Los Ángeles;Calle;S/N;Aldea Virquenco;Pendiente;NO;No Aplica;No Aplica
Centro de Salud Familiar Santa Fe;Los Ángeles;Calle;S/N;O'Higgins;432391006;NO;No Aplica;No Aplica
SUR Santa Fe;Los Ángeles;Calle;S/N;O'Higgins;432391006;SI;Urgencia Ambulatoria (SUR);No Aplica
Policlínico ACHS Curanilahue;Curanilahue;Calle;S/N;La Colcha;412691644;NO;No Aplica;No Aplica
SAR Norte;Los Ángeles;Avenida;810;Los Ángeles;432332206;SI;Urgencia ambulatoria (SAR);No Aplica
Centro de Salud Familiar Norte de Los Ángeles;Los Ángeles;Calle;810;Los Ángeles;432332200;NO;No Aplica;No Aplica
Hospital Mutual de Seguridad CChC Los Ángeles;Los Ángeles;Calle;850;Mendoza;432322177;NO;No Aplica;No Aplica
Centro Comunitario de Salud Familiar Galvarino;Los Ángeles;Calle;198;Argentina;432630686;NO;No Aplica;No Aplica
Centro de Salud Familiar Nororiente de Los Ángeles;Los Ángeles;Calle;1558;Morse;Pendiente;NO;No Aplica;No Aplica
SAPU Nororiente;Los Ángeles;Pasaje;1585;Morse;432971740;SI;Urgencia Ambulatoria (SAPU);Corto
Posta de Salud Rural Dollinco (Nacimiento);Nacimiento;Calle;S/N;Sector Dollinco;Pendiente;NO;No Aplica;No Aplica
Posta de Salud Rural Chacayal Sur;Los Ángeles;Calle;S/N;Aldea Chacayal;Pendiente;NO;No Aplica;No Aplica
Posta de Salud Rural Tinajón;Quilleco;Calle;S/N;Sector Tinajón;Pendiente;NO;No Aplica;No Aplica
Posta de Salud Rural Chacayal Norte;Los Ángeles;Calle;S/N;Aldea de Chacayal;Pendiente;NO;No Aplica;No Aplica
Posta de Salud Rural Quiapo;Arauco;Calle;S/N;Sector Quiapo;Pendiente;NO;No Aplica;No Aplica
Posta de Salud Rural San Roque;Nacimiento;Calle;S/N;Sector San Roque;Pendiente;NO;No Aplica;No Aplica
Posta de Salud Rural Los Robles (Los Ángeles);Los Ángeles;Calle;S/N;Sector Los Robles;Pendiente;NO;No Aplica;No Aplica
Posta de Salud Rural Culenco;Nacimiento;Calle;S/N;Sector Culenco;Pendiente;NO;No Aplica;No Aplica
Centro de Salud Familiar Canteras Villa Mercedes;Quilleco;Calle;S/N;Diego Portales;432373848;NO;No Aplica;No Aplica
SUR Canteras Villa Mercedes;Quilleco;Calle;S/N;Diego Portales;432373848;SI;Urgencia Ambulatoria (SUR);No Aplica
Posta de Salud Rural Millantú;Los Ángeles;Calle;S/N;Pueblo de Millantú;Pendiente;NO;No Aplica;No Aplica
Posta de Salud Rural La Generala;Santa Juana;Calle;S/N;Sector La Generala;Pendiente;NO;No Aplica;No Aplica
Posta de Salud Rural San Gerardo;Los Ángeles;Calle;S/N;Sector San Gerardo;Pendiente;NO;No Aplica;No Aplica
Posta de Salud Rural Millapoa;Nacimiento;Calle;S/N;Sector Millapoa;Pendiente;NO;No Aplica;No Aplica
Posta de Salud Rural San José de Colico;Curanilahue;Calle;S/N;Aldea San José de Colico;Pendiente;NO;No Aplica;No Aplica
Posta de Salud Rural Alborada;Los Ángeles;Calle;S/N;Sector Alborada;Pendiente;NO;No Aplica;No Aplica
Posta de Salud Rural Los Canelos (Antuco);Antuco;Calle;S/N;Caserío Los Canelos;Pendiente;NO;No Aplica;No Aplica
Posta de Salud Rural Yani;Arauco;Calle;S/N;Aldea de Yani;Pendiente;NO;No Aplica;No Aplica
Posta de Salud Rural Santa Elena (Laja);Laja;Calle;S/N;Caserío de Santa Elena;Pendiente;NO;No Aplica;No Aplica
Posta de Salud Rural El Durazno ( Los Ángeles);Los Ángeles;Calle;S/N;Sector El Durazno;Pendiente;NO;No Aplica;No Aplica
Centro de Salud Familiar Antuco;Antuco;Calle;S/N;Arturo Prat;432621002;NO;No Aplica;No Aplica
SUR Antuco;Antuco;Calle;S/N;Arturo Prat;432621002;SI;Urgencia Ambulatoria (SUR);No Aplica
Posta de Salud Rural Chacay (Santa Juana);Santa Juana;Calle;S/N;Sector Chacay;Pendiente;NO;No Aplica;No Aplica
Posta de Salud Rural Ramadillas;Arauco;Calle;S/N;Aldea de Ramadillas;Pendiente;NO;No Aplica;No Aplica
Posta de Salud Rural Las Puentes;Arauco;Calle;S/N;Caserío Las Puentes;Pendiente;NO;No Aplica;No Aplica
Posta de Salud Rural Dicahue;Los Ángeles;Calle;S/N;Sector Dicahue;Pendiente;NO;No Aplica;No Aplica
Consultorio General Rural Tucapel;Tucapel;Calle;S/N;Pueblo de Tucapel;Pendiente;NO;No Aplica;No Aplica
Posta de Salud Rural La Colonia;Laja;Calle;S/N;Caserío de La Colonia;Pendiente;NO;No Aplica;No Aplica
Posta de Salud Rural Polcura;Tucapel;Calle;S/N;Aldea de Polcura;Pendiente;NO;No Aplica;No Aplica
Posta de Salud Rural Torre Dorada;Santa Juana;Calle;S/N;Sector Torre Dorada;Pendiente;NO;No Aplica;No Aplica
Policlínico AChS Laja;Laja;Calle;55;Balmaceda;Pendiente;NO;No Aplica;No Aplica
Centro Comunitario de Salud Familiar Laja;Laja;Calle;S/N;Los Laureles;432530174;NO;No Aplica;No Aplica
Posta de Salud Rural Purgatorio;Santa Juana;Calle;S/N;Sector Purgatorio;Pendiente;NO;No Aplica;No Aplica
Posta de Salud Rural Colico Alto;Santa Juana;Calle;S/N;Sector Colico Alto;Pendiente;NO;No Aplica;No Aplica
Posta de Salud Rural Los Troncos;Los Ángeles;Calle;S/N;Aldea Los Troncos;Pendiente;NO;No Aplica;No Aplica
Posta de Salud Rural Trupán;Tucapel;Calle;S/N;Aldea de Trupán;Pendiente;NO;No Aplica;No Aplica
Hospital Comunitario de Laja;Laja;Avenida;800;Los Ríos;432332634;SI;Urgencia Hospitalaria (UEH);No Aplica
Centro de Salud Familiar Dr. Carlos Echeverría Véjar;San Rosendo;Calle;95;Baquedano;432332053;NO;No Aplica;No Aplica
SUR San Rosendo;San Rosendo;Calle;95;Baquedano;432332053;SI;Urgencia Ambulatoria (SUR);No Aplica
SUR Carampangue;Arauco;Calle;S/N;Vicente Millan;Pendiente;SI;Urgencia Ambulatoria (SUR);No Aplica
Centro de Salud Familiar Carampangue;Arauco;Calle;S/N;Vicente Millán;412571991;NO;No Aplica;No Aplica
Posta de Salud Rural Los Molinos;Los Ángeles;Calle;S/N;Sector Los Molinos;Pendiente;NO;No Aplica;No Aplica
COSAM de Arauco;Arauco;Calle;S/N;Caupolicán;412725824;NO;No Aplica;No Aplica
Hospital San Vicente de Arauco;Arauco;Calle;S/N;Caupolicán;412725820;SI;Urgencia Hospitalaria (UEH);No Aplica
Centro de Diálisis y Especialidades Médicas Arauco Ltda.;Arauco;Calle;25;Los Duraznos, Radiata;Pendiente;NO;No Aplica;No Aplica
Posta de Salud Rural Puente Perales;Laja;Calle;S/N;Caserío de Puente Perales;Pendiente;NO;No Aplica;No Aplica
Posta de Salud Rural Tanahuillín;Santa Juana;Calle;S/N;Sector Tanahuillín;Pendiente;NO;No Aplica;No Aplica
Clínica Dental Móvil Triple. Pat. UW9511 (Huepil);Tucapel;Calle;233;12 de Febrero;432332613;NO;No Aplica;No Aplica
Hospital Comunitario Dr. Roberto Muñoz Urrutia de Huépil;Tucapel;Calle;233;12 de Febrero;432332613;SI;Urgencia Hospitalaria (UEH);No Aplica
Centro de Salud Familiar Tubul;Arauco;Calle;S/N;Aldea de Tubul;Pendiente;NO;No Aplica;No Aplica
SUR Tubul;Arauco;Calle;S/N;Aldea de Tubul;Pendiente;SI;Urgencia Ambulatoria (SUR);No Aplica
Posta de Salud Rural Salto del Laja;Los Ángeles;Calle;S/N;Sector Salto del Laja;Pendiente;NO;No Aplica;No Aplica
Posta de Salud Rural Turquía;San Rosendo;Calle;S/N;Caserío de Turquía;Pendiente;NO;No Aplica;No Aplica
Posta de Salud Rural La Aguada;Yumbel;Calle;S/N;Aldea de La Aguada;Pendiente;NO;No Aplica;No Aplica
Policlínico Asociación Chilena de Seguridad AChS Arauco;Arauco;Calle;S/N;Los Horcones;Pendiente;NO;No Aplica;No Aplica
Posta de Salud Rural Rucamanqui;Tucapel;Calle;S/N;Sector Rucamanqui;Pendiente;NO;No Aplica;No Aplica
Posta de Salud Rural Chillancito;Cabrero;Calle;S/N;Caserío Chillancito;Pendiente;NO;No Aplica;No Aplica
Posta de Salud Rural Río Claro;Yumbel;Calle;S/N;Aldea de Río Claro;Pendiente;NO;No Aplica;No Aplica
Posta de Salud Rural Llico (Arauco);Arauco;Calle;S/N;Aldea de Llico;Pendiente;NO;No Aplica;No Aplica
Hospital Clorinda Avello (Santa Juana);Santa Juana;Calle;900;Lautaro;412721050;SI;Urgencia Hospitalaria (UEH);No Aplica
Centro de Salud Familiar Laraquete;Arauco;Calle;S/N;Calle 2;412571006;NO;No Aplica;No Aplica
SUR Laraquete;Arauco;Calle;S/N;Calle 2;412571006;SI;Urgencia Ambulatoria (SUR);No Aplica
Posta de Salud Rural Talcamávida;Hualqui;Calle;S/N;Colo Colo;412777063;NO;No Aplica;No Aplica
Posta de Salud Rural Punta Lavapié;Arauco;Calle;S/N;Aldea Punta Lavapié;Pendiente;NO;No Aplica;No Aplica
Centro de Salud Familiar Yumbel Estación;Yumbel;Calle;275;La Concepción;432332045;NO;No Aplica;No Aplica
SUR Yumbel Estación;Yumbel;Calle;275;La Concepción;432332045;SI;Urgencia Ambulatoria (SUR);No Aplica
Posta de Salud Rural Rere;Yumbel;Calle;S/N;Aldea de Rere;Pendiente;NO;No Aplica;No Aplica
Centro Comunitario de Salud Familiar Colcura;Lota;Calle;S/N;Brasilia;413986063;NO;No Aplica;No Aplica
Posta de Salud Rural Charrúa;Cabrero;Calle;S/N;Aldea de Charrúa;Pendiente;NO;No Aplica;No Aplica
Hospital Comunitario de Yumbel;Yumbel;Calle;251;Castellón;432332350;SI;Urgencia Hospitalaria (UEH);No Aplica
Clínica Dental Móvil Triple. Pat. NW6996 (Yumbel);Yumbel;Calle;251;Castellón;432332350;NO;No Aplica;No Aplica
Centro de Salud Familiar Dr. Sergio Lagos Olave (ex Nº 4 Lota Bajo);Lota;Calle;454;Matta;800500817;NO;No Aplica;No Aplica
Hospital de Lota;Lota;Calle;702;Carrera;412411249;SI;Urgencia Hospitalaria (UEH);No Aplica
COSAM Comunitaria Lota;Lota;Calle;192;Alessandri;412879142;NO;No Aplica;No Aplica
Centro de Salud Familiar Monteaguila;Cabrero;Calle;S/N;Caupolicán;432411346;NO;No Aplica;No Aplica
SUR Monteaguila;Cabrero;Calle;S/N;Caupolicán;432411346;SI;Urgencia Ambulatoria (SUR);No Aplica
Clínica de Diálisis Diasermed;Concepción;Calle;377;Carlos Cousiño;Pendiente;NO;No Aplica;No Aplica
SAR Dr. Juan Cartes Arias;Lota;Calle;1141;Baldomero Lillo;41-2876643;SI;Urgencia Ambulatoria (SAR);No Aplica
Centro de Salud Familiar Dr. Juan Cartes Arias;Lota;Calle;S/N;Carlos Cousiño;412876643;NO;No Aplica;No Aplica
Posta de Salud Rural Quilacoya;Hualqui;Calle;S/N;La Puntilla;Pendiente;NO;No Aplica;No Aplica
Centro Comunitario de Salud Familiar Puerto Sur Isla Sta. María;Coronel;Calle;S/N;Ignacio Carrera Pinto;Pendiente;NO;No Aplica;No Aplica
Policlínico AChS Cabrero;Cabrero;Calle;60;Oriente;Pendiente;NO;No Aplica;No Aplica
Centro de Salud Familiar Lautaro Cáceres Ramos;Cabrero;Calle;360;Tucapel;552411012;NO;No Aplica;No Aplica
SAR Cabrero;Cabrero;Calle;360;Tucapel;432333646;SI;Urgencia ambulatoria (SAR);No Aplica
Centro Comunitario de Salud Familiar Cabrero;Cabrero;Calle;977;Membrillar;432333490;NO;No Aplica;No Aplica
Posta de Salud Rural Colicheo;Cabrero;Calle;S/N;Caserío de Colicheo;Pendiente;NO;No Aplica;No Aplica
Laboratorio Clínico Biomec;Cabrero;Calle;700;General Cruz;432419041;NO;No Aplica;No Aplica
Centro Vacunatorio Coronel;Coronel;Calle;243;Lautaro;Pendiente;NO;No Aplica;No Aplica
Hospital San José (Coronel);Coronel;Calle;702;Lautaro;412413306;SI;Urgencia Hospitalaria (UEH);No Aplica
COSAM de Coronel;Coronel;Calle;131;Cochrane;412496069;NO;No Aplica;No Aplica
Clínica de Atención Ambulatoria Mutual de Seguridad Coronel;Coronel;Calle;401;Lautaro;(41) 2711472;NO;No Aplica;No Aplica
Policlínico de la Asociación Chilena de Seguridad Coronel;Coronel;Calle;299;Los Carrera;Pendiente;NO;No Aplica;No Aplica
SAPU Yobilo;Coronel;Calle;750;Leoncio Medel;412711485;SI;Urgencia Ambulatoria (SAPU);Corto
Centro de Salud Familiar Yobilo;Coronel;Calle;750;Santos Leoncio Medel;722723800;NO;No Aplica;No Aplica
Posta de Salud Rural Patagual;Coronel;Calle;S/N;Sector Patagual;Pendiente;NO;No Aplica;No Aplica
Centro de Salud Familiar Carlos Pinto Fierro;Coronel;Calle;S/N;Manuel Montt;412719829;NO;No Aplica;No Aplica
SAPU Lagunillas;Coronel;Calle;2428;Los Álamos;412715071;SI;Urgencia Ambulatoria (SAPU);Largo
Centro de Salud Familiar Lagunillas;Coronel;Calle;2428;Los Álamos;800500814;NO;No Aplica;No Aplica
Posta de Salud Rural Tomeco;Yumbel;Calle;S/N;Caserío de Tromeco;Pendiente;NO;No Aplica;No Aplica
Centro Comunitario de Salud Familiar Lagunillas;Coronel;Calle;S/N;Los Raulíes;412726232;NO;No Aplica;No Aplica
Posta de Salud Rural Puerto Norte Isla Sta. María;Coronel;Calle;S/N;Isla Sta. María sector Norte;Pendiente;NO;No Aplica;No Aplica
Centro de Salud Familiar Hualqui;Hualqui;Calle;690;Bulnes;412780069;NO;No Aplica;No Aplica
SAPU Hualqui;Hualqui;Calle;690;Bulnes;412780444;SI;Urgencia Ambulatoria (SAPU);Corto
Centro Comunitario de Salud Familiar Hualqui;Hualqui;Calle;117;Gabriela Mistral;Pendiente;NO;No Aplica;No Aplica
Servicios Clínicos Neuropsiquiátricos y Geriátricos R y G Limitada;Concepción;Calle;5500;La Araucana;412312786;NO;No Aplica;No Aplica
Centro Comunitario de Salud Familiar Escuadrón;Coronel;Calle;S/N;Calle 2;Pendiente;NO;No Aplica;No Aplica
SAPU Leonera;Chiguayante;Calle;S/N;Manuel Rodríguez;412356815;SI;Urgencia Ambulatoria (SAPU);Corto
Centro de Salud Familiar La Leonera;Chiguayante;Calle;S/N;Manuel Rodríguez;800500808;NO;No Aplica;No Aplica
Posta de Salud Rural Canchillas;Yumbel;Calle;S/N;Sector Canchillas, 18 Km. de Yumbel;Pendiente;NO;No Aplica;No Aplica
Posta de Salud Rural Quinel;Cabrero;Calle;S/N;Sector Quinel;Pendiente;NO;No Aplica;No Aplica
Centro de Salud Familiar Pinares;Chiguayante;Calle;1259;La Marina;412337194;NO;No Aplica;No Aplica
SAR Chiguayante;Chiguayante;Calle;511;Chiguay;3279510-3279511;SI;Urgencia ambulatoria (SAR);No Aplica
SAPU Dental Chiguayante;Chiguayante;Calle;511;Chiguay;3279510/3279511;SI;Urgencia Ambulatoria (SAPU);Largo
Centro de Salud Familiar Chiguayante;Chiguayante;Calle;S/N;Chiguay;800500807;NO;No Aplica;No Aplica
Posta de Salud Rural Cancha Los Monteros;Florida;Calle;S/N;Sector Cancha Los Monteros;Pendiente;NO;No Aplica;No Aplica
Laboratorio Clínico Labotem;Chiguayante;Calle;429;Manuel Rodríguez;412978302;NO;No Aplica;No Aplica
Centro Comunitario de Salud Familiar Copiulemu;Florida;Calle;S/N;Aldea de Copiulemu Bélgica;Pendiente;NO;No Aplica;No Aplica
SAPU Loma Colorada;San Pedro de la Paz;Calle;7145;Los Castaños;412392134;SI;Urgencia Ambulatoria (SAPU);Corto
Centro de Salud Familiar Lomas Coloradas;San Pedro de la Paz;Calle;S/N;Los Castaños;412390120;NO;No Aplica;No Aplica
Centro Comunitario de Salud Familiar Chaimávida;Concepción;Pasaje;1;Kilometro 23 Ruta Concepción- Cabrero, sector Chaimávida;Pendiente;NO;No Aplica;No Aplica
Centro de Salud Familiar San Pedro de La Costa;San Pedro de la Paz;Calle;3145;Fresia;422398508;NO;No Aplica;No Aplica
Servicios Médicos CIDIAL Ltda.;Concepción;Calle;98;Junge, Pedro de Valdivia;Pendiente;NO;No Aplica;No Aplica
Clínica de la Mujer Sanatorio Alemán;Concepción;Avenida;801;Pedro de Valdivia;412796207;NO;No Aplica;No Aplica
Centro Odontológico Uno Salud Dental San Pedro de la Paz;San Pedro de la Paz;Calle;1117;Michimalonco;227634497;NO;No Aplica;No Aplica
Vacunatorio San Pedro SpA;San Pedro de la Paz;Calle;198;Pedro Lira, Sector Los Canelos;Pendiente;NO;No Aplica;No Aplica
Centro Comunitario de Salud Familiar Boca Sur;San Pedro de la Paz;Calle;194;Nueva 1;412726241;NO;No Aplica;No Aplica
Instituto Teletón Concepción;San Pedro de la Paz;Calle;1656;Los Acacios;412209300;NO;No Aplica;No Aplica
Centro de Salud Familiar Pedro de Valdivia;Concepción;Calle;S/N;Arrau Méndez;800500812;NO;No Aplica;No Aplica
Centro de Salud Familiar Boca Sur;San Pedro de la Paz;Calle;457;2° Transversal;800500818;NO;No Aplica;No Aplica
SAR Boca Sur;San Pedro de la Paz;Calle;417;12 de febrero;2505220;SI;Urgencia ambulatoria (SAR);No Aplica
Vacunatorio Endodent;San Pedro de la Paz;Calle;1055;Pedro Aguirre Cerda;412466400;NO;No Aplica;No Aplica
Centro de Salud Familiar San Pedro de La Paz Candelaria;San Pedro de la Paz;Calle;165;Diagonal Bíobío;800500819;NO;No Aplica;No Aplica
SAPU Dental San Pedro de La Paz;San Pedro de la Paz;Calle;165;Diagonal Bíobío;413279431;SI;Urgencia Ambulatoria (SAPU);Largo
SAR San Pedro;San Pedro de la Paz;Calle;165;Diagonal Bíobío;413279431;SI;Urgencia ambulatoria (SAR);No Aplica
Servicios Médicos Medinefro Ltda.;Concepción;Calle;217;Cochrane;Pendiente;NO;No Aplica;No Aplica
Laboratorio Clínico Diagnomed;Concepción;Avenida;39;O'Higgins Poniente;412888243;NO;No Aplica;No Aplica
Centro Médico Medisan;Concepción;Calle;255;Cochrane;41288 8103;NO;No Aplica;No Aplica
Centro de Vacunación y Servcio de Enfermería SpA;Concepción;Calle;255;Cochrane, Piso 2;413364927;NO;No Aplica;No Aplica
Vacunatorio El Salvador;Concepción;Calle;532;Chacabuco;412246595;NO;No Aplica;No Aplica
Centro de Salud Familiar Villa Nonguén (Organizaciones sin fines de lucro y ONG);Concepción;Calle;1397;Río Loa;412723450;NO;No Aplica;No Aplica
Centro de Referencia de Salud Municipal;Concepción;Calle;278;San Martin 262 - 246;2449920-2449910;NO;No Aplica;No Aplica
Laboratorio Clínico Lincoyán;Concepción;Calle;252;Lincoyán;412225181;NO;No Aplica;No Aplica
Unidad de Salud Funcionario S.S Concepción;Concepción;Calle;345;Rengo;Pendiente;NO;No Aplica;No Aplica
PRAIS (S.S Concepción);Concepción;Calle;345;Rengo;Pendiente;NO;No Aplica;No Aplica
Laboratorio Clínico Seres Ltda.;Concepción;Calle;472;San Martín;412220915;NO;No Aplica;No Aplica
Laboratorio Clínico Dr. Fructuoso Biel y Cia Ltda.;Concepción;Calle;76;Castellon;Pendiente;NO;No Aplica;No Aplica
Laboratorio Clínico Bionet S.A. - Concepción;Concepción;Calle;230;Caupolicán;412520712;NO;No Aplica;No Aplica
Centro Odontológico Uno Salud Dental Concepción;Concepción;Calle;635;Lord Cochrane, Local 106;Pendiente;NO;No Aplica;No Aplica
Vacunatorio Concepción;Concepción;Calle;215;Aníbal Pinto, Of. 406 Box 3;Pendiente;NO;No Aplica;No Aplica
Actividades gestionadas por la Dirección del Servicio para apoyo de la Red (S.S de Concepción);Concepción;Calle;345;Rengo;Pendiente;NO;No Aplica;No Aplica
Laboratorio Clínico MACROLAB;Concepción;Calle;235-B;Colo Colo;Pendiente;NO;No Aplica;No Aplica
Centro de Salud Familiar Juan Soto Fernández;Concepción;Calle;393;Desiderio Sanhueza;800500809;NO;No Aplica;No Aplica
Centro de Salud Familiar O'Higgins;Concepción;Calle;534;Salas;800500811;NO;No Aplica;No Aplica
SAPU CESFAM O'HIGGINS;Concepción;Calle;538;Salas;412449301;SI;Urgencia Ambulatoria (SAPU);Corto
SAPU Juan Soto Fernández;Concepción;Avenida;850;Zañartu;412449736;SI;Urgencia Ambulatoria (SAPU);Corto
Vacunatorio Seres;Concepción;Calle;143;Tucapel;412514001;NO;No Aplica;No Aplica
Vacunatorio Israel;Concepción;Calle;548;Salas, Piso 3;412747293;NO;No Aplica;No Aplica
Centro Médico Kenal;Concepción;Calle;301;Barros Arana;Pendiente;NO;No Aplica;No Aplica
Laboratorio Clínico Hasiles;Concepción;Calle;510;Angol;412290940;NO;No Aplica;No Aplica
Laboratorio de Especialidades Medicas EMSA S.A;Concepción;Calle;116;Ongolmo;Pendiente;NO;No Aplica;No Aplica
Laboratorio Clínico Tecnimed Ltda.;Concepción;Calle;357;Colo Colo;412628800;NO;No Aplica;No Aplica
Vacunatorio Biovax SpA;Concepción;Calle;920;San Martín;412108244;NO;No Aplica;No Aplica
Centro Médico Inmunomédica;Concepción;Calle;912;San Martín;412466340;NO;No Aplica;No Aplica
Laboratorio Clínico C.D.S;Concepción;Calle;940;San Martín;412629700;NO;No Aplica;No Aplica
Centro Comunitario de Salud Familiar Boca Sur Viejo;San Pedro de la Paz;Calle;1800;Central;Pendiente;NO;No Aplica;No Aplica
Laboratorio Clínico Inmunomedica Ltda.;Concepción;Calle;316;Castellón;412108650;NO;No Aplica;No Aplica
Kiñewen Ltda.;Concepción;Calle;174;Ongolmo;412227979;NO;No Aplica;No Aplica
Laboratorio Clínico Diagonal;Concepción;Calle;174;Ongolmo;412237704;NO;No Aplica;No Aplica
Laboratorio Clínico Dr. Gustavo Torrejón Sanhueza y Cía. Ltda.;Concepción;Calle;286;Tucapel;412227896;NO;No Aplica;No Aplica
Centro Odontológico Uno Salud Dental Concepción Dos;Concepción;Calle;820;Freire;Pendiente;NO;No Aplica;No Aplica
Dispositivo Modular de Salud Hospital Guillermo Grant Benavente;Concepción;Pendiente;S/N;Estacionamiento de Facultad de Odontología de la Universidad de Concepción;Pendiente;NO;No Aplica;No Aplica
Centro Médico Radiológico Concepción Ltda.;Concepción;Calle;1213;San Martín;Pendiente;NO;No Aplica;No Aplica
Hospital Clínico Regional Dr. Guillermo Grant Benavente (Concepción);Concepción;Calle;1436;San Martín;412417588;SI;Urgencia Hospitalaria (UEH);No Aplica
Centro Médico Integramédica Bio Bio;Concepción;Calle;301;Los Carrera;Pendiente;NO;No Aplica;No Aplica
Hospital Traumatológico (Concepción);Concepción;Calle;1580;San Martín;412412003;NO;No Aplica;No Aplica
Centro de Especialidades de Medicina Transfusional;Concepción;Calle;1111;Barros Arana;422721950;NO;No Aplica;No Aplica
Centro y Médico Dental VIII Zona de Carabineros (Del Bíobío);Concepción;Calle;1224;Barros Arana;412141480;NO;No Aplica;No Aplica
Laboratorio Clínico Castellón;Concepción;Avenida;1448;Bernardo O´higgins;Pendiente;NO;No Aplica;No Aplica
Vacunatorio Vaxsur SpA 1;Concepción;Calle;358;Lautaro;9956604722;NO;No Aplica;No Aplica
Hospital San Agustín de Florida;Florida;Calle;1114;Sargento Aldea, Florida Alto;412721550;SI;Urgencia Hospitalaria (UEH);No Aplica
Centro Médico COALIVI;Concepción;Calle;706;Las Heras (esquina Anival Pinto);412125342;NO;No Aplica;No Aplica
MegaSalud S.A. Centro Médico y Dental Concepción;Concepción;Calle;1445;Freire;412925000;NO;No Aplica;No Aplica
Departamento de Salud Estudiantil Universidad del Bíobío Campus Concepción;Concepción;Avenida;1202;Collao;412731297;NO;No Aplica;No Aplica
Centro de Salud Familiar Víctor Manuel Fernández;Concepción;Calle;2120;Maipú;412721350;NO;No Aplica;No Aplica
Centro Clínico Militar Concepción;Concepción;Calle;210;General Novoa;412311678;NO;No Aplica;No Aplica
SAR Víctor Manuel Fernández;Concepción;Avenida;406;Juan Bosco;412724103;SI;Urgencia ambulatoria (SAR);No Aplica
Hospital Clínico del Sur S.A.;Concepción;Calle;36;Cardenio Avello;412128122;SI;Urgencia Hospitalaria (UEH);No Aplica
Policlínico Agencia Concepción de la Asociación Chilena de Seguridad;Concepción;Calle;70;Cardenio Avello;412448630;NO;No Aplica;No Aplica
SAR Tucapel;Concepción;Calle;1059;Ejército;412449483;SI;Urgencia ambulatoria (SAR);No Aplica
Centro de Salud Familiar Lorenzo Arenas;Concepción;Calle;50;Carlos Oliver;800500810;NO;No Aplica;No Aplica
Centro de Salud Familiar Tucapel;Concepción;Calle;1060;Juan de Dios Rivera;800500813;NO;No Aplica;No Aplica
SAPU Lorenzo Arenas;Concepción;Calle;50;Carlos Oliver;412449502;SI;Urgencia Ambulatoria (SAPU);Corto
Servicio Médico Legal Concepción;Concepción;Calle;4018;Camino a Penco, a un costado de la cárcel El Manzano;(41)2290634;NO;No Aplica;No Aplica
Centro Diurno para Personas con Demencia;Hualpén;Calle;9920;Colón, Sector Cerro Verde;412329490;NO;No Aplica;No Aplica
Hospital de Centro de Cumplimiento Penitenciario Biobío;Concepción;Calle;450;Camino a Penco;Pendiente;NO;No Aplica;No Aplica
Centro Penitenciario;Concepción;Calle;460;Camino a Penco;412388610;NO;No Aplica;No Aplica
Centro Comunitario de Salud Familiar Rene Schneider;Hualpén;Calle;150;Puerto Saavedra;412478257;NO;No Aplica;No Aplica
Clínica Andes Salud Concepción;Hualpén;Avenida;2047;Presidente Jorge Alesandri Rodríguez;412666000;SI;Urgencia Hospitalaria (UEH);No Aplica
Vacunatorio Clínica Universitaria de Concepción;Hualpén;Avenida;2047;Presidente Jorge Alesandri Rodríguez, Piso 3;Pendiente;NO;No Aplica;No Aplica
Centro Comunitario de Salud Familiar Leocán Portus Govinden;Hualpén;Calle;980;Atenas;Pendiente;NO;No Aplica;No Aplica
COSAM Hualpén;Hualpén;Calle;8710;Diego Double Urrutia;Pendiente;NO;No Aplica;No Aplica
SAPU Talcahuano Sur;Hualpén;Calle;632;Postdam;412783909;SI;Urgencia Ambulatoria (SAPU);Corto
Centro de Salud Familiar Talcahuano Sur;Hualpén;Calle;632;Postdam;412783909;NO;No Aplica;No Aplica
Clínica de Atención Ambulatoria Mutual de Seguridad CChC Hualpén;Hualpén;Calle;8720;Autopista Concepción Talcahuano;722727300;NO;No Aplica;No Aplica
Centro Comunitario de Salud Familiar Llafkelen;Hualpén;Calle;8535;Calbuco;412430055;NO;No Aplica;No Aplica
Centro de Salud Familiar Santa Sabina;Concepción;Calle;1948;Pedro Meriño;412723790;NO;No Aplica;No Aplica
SAPU Santa Sabina;Concepción;Calle;1820;Carlos Henríquez;412449816;SI;Urgencia Ambulatoria (SAPU);Corto
SAPU La Floresta;Hualpén;Calle;3851;Bremen;412261385;SI;Urgencia Ambulatoria (SAPU);Corto
Centro de Salud Familiar La Floresta;Hualpén;Calle;2598;Calle 3;Pendiente;NO;No Aplica;No Aplica
Centro Comunitario de Salud Familiar España;Hualpén;Calle;3851;Bremen;Pendiente;NO;No Aplica;No Aplica
Centro Integramédica del Trébol;Talcahuano;Calle;3177;Mall Plaza del Trébol;412403102;NO;No Aplica;No Aplica
Centro Comunitario de Salud Familiar Parque Central;Hualpén;Avenida;7431;Santa María;Pendiente;NO;No Aplica;No Aplica
Hospital Instituto de Seguridad del Trabajo Talcahuano;Talcahuano;Avenida;3430;Colón;412585232;SI;Urgencia Hospitalaria (UEH);No Aplica
Centro de Salud Familiar Hualpencillo;Hualpén;Calle;2845;Bulgaria;800500828;NO;No Aplica;No Aplica
SAR Hualpencillo;Hualpén;Calle;2845;Bulgaria;412410808;SI;Urgencia ambulatoria (SAR);No Aplica
SAPU Dental Hualpén;Hualpén;Calle;285;Bulgaria;412410808;SI;Urgencia Ambulatoria (SAPU);Corto
Centro Comunitario de Salud Familiar 8 de Mayo;Talcahuano;Calle;7370;Aisén;412413891;NO;No Aplica;No Aplica
Centro Comunitario de Salud Familiar Esmeralda;Talcahuano;Calle;590;San Miguel;412412581;NO;No Aplica;No Aplica
Centro Comunitario de Salud Familiar Cosmito;Penco;Calle;S/N;Villa Cosmito;412414740;NO;No Aplica;No Aplica
Clínica Bio Bio;Talcahuano;Avenida;3515;Jorge Alessandri;412734370;SI;Urgencia Hospitalaria (UEH);No Aplica
Posta de Salud Rural Manco;Florida;Calle;S/N;Sector Manco;Pendiente;NO;No Aplica;No Aplica
Posta de Salud Rural Roa;Florida;Calle;S/N;Sector Roa;Pendiente;NO;No Aplica;No Aplica
Centro de Salud Familiar Paulina Avendaño Pereda;Talcahuano;Calle;S/N;Carlos Dittborn;412723894;NO;No Aplica;No Aplica
SAPU Paulina Avendaño Pereda;Talcahuano;Calle;4100;Carlos Dittborn;412412581;SI;Urgencia Ambulatoria (SAPU);Corto
Laboratorio Clínico YUEN;Talcahuano;Calle;133;Alto Horno;412585728;NO;No Aplica;No Aplica
Centro de Salud Familiar Alcalde Leocán Portus;Talcahuano;Calle;2645;Manuel Barros Borgoño;Pendiente;NO;No Aplica;No Aplica
SAPU Alcalde Leocán Portus;Talcahuano;Calle;2645;Manuel Barros Borgoño;412597373;SI;Urgencia Ambulatoria (SAPU);Corto
Centro Comunitario de Salud Familiar Los Forjadores;Penco;Calle;S/N;Diego Portales;412726260;NO;No Aplica;No Aplica
SAR Penco;Penco;Calle;573;Maipu;413279520;SI;Urgencia ambulatoria (SAR);No Aplica
Centro Odontológico Uno Salud Dental Talcahuano;Talcahuano;Avenida;3236;Cristóbal Colón, Oficina E;Pendiente;NO;No Aplica;No Aplica
Policlínico de la Asociación Chilena de Seguridad Talcahuano;Talcahuano;Avenida;3138;Colón;Pendiente;NO;No Aplica;No Aplica
Hospital Las Higueras (Talcahuano);Talcahuano;Calle;777;Alto Horno;412687000;SI;Urgencia Hospitalaria (UEH);No Aplica
Unidad de Salud Funcionario S.S Talcahuano;Talcahuano;Calle;86;Thompson;Pendiente;NO;No Aplica;No Aplica
PRAIS (S.S Talcahuano);Talcahuano;Calle;86;Thompson;Pendiente;NO;No Aplica;No Aplica
Centro de Salud Familiar Penco;Penco;Calle;654;O'Higgins;412261375;NO;No Aplica;No Aplica
Laboratorio Clínico ITAMED;Penco;Calle;298;Yerbas Buenas;413185917;NO;No Aplica;No Aplica
Centro Comunitario de Salud Familiar Libertad Gaete;Talcahuano;Calle;509;Isla San Ambrosio;412543320;NO;No Aplica;No Aplica
Centro de Salud Familiar San Vicente;Talcahuano;Calle;360;Brasil;412723350;NO;No Aplica;No Aplica
SAR San Vicente;Talcahuano;Calle;360;Brasil;412558143;SI;Urgencia ambulatoria (SAR);No Aplica
Centro Comunitario de Salud Familiar Los Lobos la Gloria;Talcahuano;Calle;1960;Los Lobos;Pendiente;NO;No Aplica;No Aplica
Actividades gestionadas por la Dirección del Servicio para apoyo de la Red (S.S de Talcahuano);Talcahuano;Calle;86;Thompson;Pendiente;NO;No Aplica;No Aplica
Hospital Penco Lirquén;Penco;Calle;S/N;Camino a Tomé;412724800;SI;Urgencia Hospitalaria (UEH);No Aplica
Centro de Salud Familiar Lirquén;Penco;Calle;S/N;Camino a Tomé;412688321;NO;No Aplica;No Aplica
SAPU Los Cerros;Talcahuano;Calle;S/N;El Galgo;412723508;SI;Urgencia Ambulatoria (SAPU);Largo
Centro de Salud Familiar Los Cerros;Talcahuano;Calle;S/N;Nueva Los Lobos;412723504;NO;No Aplica;No Aplica
SAR Los Cerros;Talcahuano;Calle;1260;San Vicente;41-2723504;SI;Urgencia ambulatoria (SAR);No Aplica
COSAM Los Cerros;Talcahuano;Calle;1340;Bahía San Vicente, sector Ex Fundo Centinela;Pendiente;NO;No Aplica;No Aplica
Centro Comunitario de Salud Familiar Villa Centinela;Talcahuano;Avenida;1301;Punta Peñablanca, Villa centinela I;Pendiente;NO;No Aplica;No Aplica
Posta de Salud Rural Granerillos;Florida;Calle;S/N;Caserío de Granerillos;Pendiente;NO;No Aplica;No Aplica
Centro Comunitario de Salud Familiar Ríos de Chile;Penco;Calle;100;Rios Ñuble;413279570;NO;No Aplica;No Aplica
Buque Talcahuano;Talcahuano;No Aplica;No Aplica;No Aplica;Pendiente;NO;No Aplica;No Aplica
Hospital Naval Almirante Adriazola;Talcahuano;Calle;S/N;Michimalongo;412743009;SI;Urgencia Hospitalaria (UEH);No Aplica
Centro Comunitario de Salud Familiar Punta de Parra;Tome;Avenida;61;Cardenal Samoré, Punta de Parra;412170392;NO;No Aplica;No Aplica
Posta de Salud Rural Tumbes;Talcahuano;Calle;S/N;Pueblo de Caleta Tumbes;Pendiente;NO;No Aplica;No Aplica
Centro de Salud Familiar Bellavista;Tome;Calle;297;Los Cerezos;412209729;NO;No Aplica;No Aplica
SAPU Bellavista;Tome;Calle;297;Los Cerezos;412209729;SI;Urgencia Ambulatoria (SAPU);Corto
Centro Comunitario de Salud Familiar El Santo Esfuerzo de Todos;Tome;Calle;47;Los Helechos;412658308;NO;No Aplica;No Aplica
Hospital de Tomé;Tome;Calle;1633;O'Higgins;412724950;SI;Urgencia Hospitalaria (UEH);No Aplica
Centro Comunitario de Salud Familiar Cerro Estanque;Tome;Calle;2276;Santiago Osorio;Pendiente;NO;No Aplica;No Aplica
SAR Dr. Alberto Reyes;Tome;Calle;2720;Nueva Aldea;412655172;SI;Urgencia ambulatoria (SAR);No Aplica
Centro de Salud Familiar Dr. Alberto Reyes;Tome;Calle;2720;Nueva Aldea;Pendiente;NO;No Aplica;No Aplica
Posta de Salud Rural Coliumo;Tome;Calle;S/N;Sector de Coliumo;957797870;NO;No Aplica;No Aplica
Posta de Salud Rural Menque;Tome;Calle;S/N;Villoslada, Aldea de Menque;957797870;NO;No Aplica;No Aplica
Centro de Salud Familiar Dichato;Tome;Calle;373;Daniel Vera;412722472;NO;No Aplica;No Aplica
SUR Dichato;Tome;Calle;373;Daniel Vera;412722472;SI;Urgencia Ambulatoria (SUR);No Aplica
Unidad de Vacunación Móvil del BíoBío;Concepción;No Aplica;No Aplica;No Aplica;No Aplica;NO;No Aplica;No Aplica
UNO Salud DENTAL CORONEL;Coronel;Calle;321;Manuel Montt (Local 1);2 2763 9182;NO;No Aplica;No Aplica
Vacunatorio Lomas;Concepción;Avenida;956;San Sebastian;Pendiente;NO;No Aplica;No Aplica
LABORATORIO CLINICO SAN CRISTOBAL SPA;Talcahuano;Avenida;2909;Cristobal Colón ( primer y segundo piso. Sector Santa Clara);(41) 242 7520;NO;No Aplica;No Aplica
Vacunatorio Los Ángeles;Los Ángeles;Calle;221;Jose Manso de Velasco (oficina 414);(56) 932168278;NO;No Aplica;No Aplica
CECOSF RAFAEL;Tome;Calle;435;Calle Urrejola de Rafael;41-2209748;NO;No Aplica;No Aplica
SAR Carlos Pinto Fierro;Coronel;Calle;1409;Manuel Montt;2719658;SI;Urgencia ambulatoria (SAR);No Aplica
CMT Salud Concepción;Concepción;Calle;390;Arturo Prat;(+56) 41 277 5411;NO;No Aplica;No Aplica
SUR Tucapel;Tucapel;Calle;430;Comercio;432333474-urgencia 432333472_SOME;SI;Urgencia Ambulatoria (SUR);No Aplica
Vacunatorio Líderes en Salud;Los Ángeles;Avenida;398;O'Higgins;Pendiente;NO;No Aplica;No Aplica
Centro de Salud Familiar Valle La Piedra;Chiguayante;Calle;3973;San Martín N° 3973;416046 (RED MINSAL);NO;No Aplica;No Aplica
RedMédica Sur;San Pedro de la Paz;Avenida;115;LAGUNA GRANDE;56 962418248;NO;No Aplica;No Aplica
Vacunatorio Vaxsur Spa 2;Concepción;Avenida;77;O’Higgins Poniente;56978187549;NO;No Aplica;No Aplica
Centro de Resolutividad-UAPORRINO;Los Ángeles;Calle;581;Caupolicán;56 432 216130;NO;No Aplica;No Aplica
APS 2;Curanilahue;Avenida;111;Bernardo Ohiggins;Pendiente;NO;No Aplica;No Aplica
Vacunatorio BioBio;Concepción;Avenida;553;San Martín (OF. 1304 );56963205700;No;No Aplica;No Aplica
SUR LEBU NORTE;Lebu;Calle;1441;IGNACIO CARRERA PINTO;+56 41 272 5795;SI;Urgencia Ambulatoria (SUR);No Aplica
UNO SALUD DENTAL CONCEPCIÓN 3;Concepción;Calle;518;Angol;;No;No Aplica;No Aplica
UNO SALUD DENTAL LOS ÁNGELES 2;Los Ángeles;Avenida;610;ALEMANIA;;No;No Aplica;No Aplica
