Nombre Oficial;Comuna;Vía;Número;Dirección;Teléfono;Tiene Servicio de Urgencia;Tipo de Urgencia;Tipo de SAPU
Posta de Salud Rural Huemul (Chimbarongo);Chimbarongo;Calle;S/N;Caserío Huemul del Medio;Pendiente;NO;No Aplica;No Aplica
Posta de Salud Rural Ranguil;Lolol;Calle;S/N;Caserío Ranguil;Pendiente;NO;No Aplica;No Aplica
Posta de Salud Rural El Membrillo;Lolol;Calle;S/N;Caserío El Membrillo;Pendiente;NO;No Aplica;No Aplica
Posta de Salud Rural Peor Es Nada;Chimbarongo;Calle;S/N;Peor Es Nada;722923125;NO;No Aplica;No Aplica
Posta de Salud Rural Codegua;Chimbarongo;Calle;S/N;Aldea de Codegua;Pendiente;NO;No Aplica;No Aplica
Posta de Salud Rural San Pedro de Alcántara;Paredones;Calle;S/N;Aldea San Pedro de Alcántara;Pendiente;NO;No Aplica;No Aplica
Posta de Salud Rural Auquinco;Chepica;Calle;S/N;Pueblo Auquinco;Pendiente;NO;No Aplica;No Aplica
Posta de Salud Rural Candelaria ( Chépica);Chepica;Calle;S/N;Caserío Candelaria;Pendiente;NO;No Aplica;No Aplica
Posta de Salud Rural Orilla de Auquinco;Chepica;Calle;S/N;Orilla de Auquinco, Pueblo de Auquinco;Pendiente;NO;No Aplica;No Aplica
Centro de Salud Familiar Chépica;Chepica;Calle;S/N;18 de Septiembre;722817229;NO;No Aplica;No Aplica
SUR Chépica;Chepica;Calle;S/N;18 de Septiembre;722817229;SI;Urgencia Ambulatoria (SUR);No Aplica
Hospital de Lolol;Lolol;Calle;35;Los Alerces;722337800;SI;Urgencia Hospitalaria (UEH);No Aplica
Posta de Salud Rural La Cabaña;Lolol;Calle;S/N;Sector la Cabaña;Pendiente;NO;No Aplica;No Aplica
Laboratorio Clínico Salud Plus;Chimbarongo;Calle;11;Blanco Encalada;Pendiente;NO;No Aplica;No Aplica
Centro de Diálisis San José Chimbarongo;Chimbarongo;Calle;3;Arturo Prat;Pendiente;NO;No Aplica;No Aplica
Hospital Mercedes de Chimbarongo;Chimbarongo;Calle;33;Arturo Prat;722338675;SI;Urgencia Hospitalaria (UEH);No Aplica
Posta de Salud Rural San Juan de La Sierra;Chimbarongo;Calle;S/N;Caserío San Juan de la Sierra;Pendiente;NO;No Aplica;No Aplica
Posta de Salud Rural Quinahue;Santa Cruz;Calle;S/N;Aldea Quinahue;Pendiente;NO;No Aplica;No Aplica
Posta de Salud Rural Puente Negro;San Fernando;Calle;S/N;Camino Internacional, Aldea Puente Negro;Pendiente;NO;No Aplica;No Aplica
Posta de Salud Rural Puquillay Bajo;Nancagua;Calle;S/N;Aldea Puquillay Bajo;Pendiente;NO;No Aplica;No Aplica
Posta de Salud Rural Puquillay Alto;Nancagua;Calle;S/N;Ignacio Valdés;Pendiente;NO;No Aplica;No Aplica
Posta de Salud Rural Guindo Alto;Santa Cruz;Calle;S/N;Guindo Alto, Caserío Camino al Guindo;Pendiente;NO;No Aplica;No Aplica
Posta de Salud Rural Nilahue Cornejo;Pumanque;Calle;S/N;Aldea Nilahue Cornejo;Pendiente;NO;No Aplica;No Aplica
Posta de Salud Rural La Dehesa;Placilla;Calle;S/N;Aldea La Dehesa;Pendiente;NO;No Aplica;No Aplica
Posta de Salud Rural Tinguiririca;Chimbarongo;Calle;S/N;Manuel Rodríguez, Pueblo Tinguiririca;Pendiente;NO;No Aplica;No Aplica
Centro de Salud Familiar Cunaco;Nancagua;Calle;S/N;Pueblo de Cunaco;Pendiente;NO;No Aplica;No Aplica
Hospital de Nancagua;Nancagua;Calle;464;18 de Septiembre;722337500;SI;Urgencia Hospitalaria (UEH);No Aplica
Posta de Salud Rural Agua Buena;San Fernando;Calle;S/N;J. Fernández;Pendiente;NO;No Aplica;No Aplica
Posta de Salud Rural Bucalemu (Paredones);Paredones;Calle;S/N;Pueblo de Bucalemu;Pendiente;NO;No Aplica;No Aplica
Laboratorio Clínico Análisis;Santa Cruz;Calle;180;J.J. Carvacho;722825396;NO;No Aplica;No Aplica
Centro de Salud Familiar Paredones;Paredones;Avenida;84;Dr. Moore;722336284;NO;No Aplica;No Aplica
SUR Paredones;Paredones;Avenida;84;Dr. Moore;722336284;SI;Urgencia Ambulatoria (SUR);No Aplica
Policlínico de la Asociación Chilena de Seguridad AChS Santa Cruz;Santa Cruz;Avenida;101;José Jesús Carvacho;722822051;NO;No Aplica;No Aplica
CENTRO CLINICO SANFURGO;Santa Cruz;Calle;184;J.J. CARVAHO 184;722825396;NO;No Aplica;No Aplica
Centro Médico y Laboratorio Clínico Santa Cruz;Santa Cruz;Calle;124;Rafael Casanova;722821445;NO;No Aplica;No Aplica
Laboratorio Centrolab;Santa Cruz;Calle;80;Claudio Cancino;722821676;NO;No Aplica;No Aplica
COSAM Santa Cruz;Santa Cruz;Pasaje;125;Los Língues;722822907;NO;No Aplica;No Aplica
Consultorio Placilla (Placilla);Placilla;Calle;84;Oscar Gajardo;722337491;NO;No Aplica;No Aplica
SUR Placilla;Placilla;Calle;84;Oscar Gajardo;722337491;SI;Urgencia Ambulatoria (SUR);No Aplica
Centro Médico Monte Vital;Santa Cruz;Calle;185;Aviador Acevedo;722823457;NO;No Aplica;No Aplica
Centro de Diálisis A y R;Santa Cruz;Avenida;894;Federico Errazurriz;Pendiente;NO;No Aplica;No Aplica
Servicio Medico Legal Santa Cruz;Santa Cruz;Avenida;961;Errázuriz;722931002;NO;No Aplica;No Aplica
SAR Santa Cruz;Santa Cruz;Calle;250;Cabello;Pendiente;SI;Urgencia ambulatoria (SAR);No Aplica
Hospital de Santa Cruz;Santa Cruz;Avenida;921;Federico Errázuriz;722332273;SI;Urgencia Hospitalaria (UEH);No Aplica
Centro de Salud Familiar Santa Cruz;Santa Cruz;Avenida;625;Diego Portales;722335550;NO;No Aplica;No Aplica
Centro de Diálisis Santa Cruz;Santa Cruz;Calle;224;Díaz Besoain;Pendiente;NO;No Aplica;No Aplica
Centro Comunitario de Salud Familiar Paniahue;Santa Cruz;Calle;360;Camilo Henríquez, Paniahue;722824898;NO;No Aplica;No Aplica
Posta de Salud Rural Yáquil;Nancagua;Calle;S/N;Aldea Yáquil;Pendiente;NO;No Aplica;No Aplica
Posta de Salud Rural Apalta;Santa Cruz;Calle;S/N;Sector Apalta;Pendiente;NO;No Aplica;No Aplica
Posta de Salud Rural Lo Moscoso;Placilla;Calle;S/N;Aldea Lo Moscoso;Pendiente;NO;No Aplica;No Aplica
Centro de Salud Familiar Oriente de San Fernando;San Fernando;Calle;S/N;José Miguel Carrera;800500607;NO;No Aplica;No Aplica
SAPU Oriente de San Fernando;San Fernando;Calle;S/N;José Miguel Carrera;721683812;SI;Urgencia Ambulatoria (SAPU);Corto
Centro de Salud Familiar de Palmilla;Palmilla;Calle;S/N;Ignacio Carrera Pinto;722952486;NO;No Aplica;No Aplica
Posta de Salud Rural Pumanque;Pumanque;Calle;S/N;Aldea Camino Población;Pendiente;NO;No Aplica;No Aplica
Posta de Salud Rural Isla de Yáquil;Santa Cruz;Calle;S/N;Aldea Isla de Yáquil;Pendiente;NO;No Aplica;No Aplica
Laboratorio Clínico Coloma;San Fernando;Calle;760;Quechereguas;722712234;NO;No Aplica;No Aplica
Centro Médico ImagenSalud;San Fernando;Calle;492;Carampangue;722718000;NO;No Aplica;No Aplica
Centro de Diálisis SERDIAL Limitada;San Fernando;Calle;652;Quechereguas;Pendiente;NO;No Aplica;No Aplica
Clínica del Trabajador AChS San Fernando;San Fernando;Calle;577;Quechereguas;722713447;NO;No Aplica;No Aplica
Laboratorio Clínico Los Peumos;San Fernando;Calle;590;Valdivia;Pendiente;NO;No Aplica;No Aplica
Vacunatorio y Sala de Procedimientos Carolina Díaz González;San Fernando;Calle;536;Carampangue, oficina B;966077721;NO;No Aplica;No Aplica
Laboratorio Clínico Virginia Sáenz Fuenzalida;San Fernando;Avenida;620;Manuel Rodríguez;722720772;NO;No Aplica;No Aplica
Clínica San Francisco;San Fernando;Calle;620;Manuel Rodríguez;Pendiente;NO;No Aplica;No Aplica
Centro Odontológico Uno Salud Dental San Fernando;San Fernando;Avenida;701;Bernardo O´Higgins, Local 110, 114, 118, 122, 126 y 130;227638962;NO;No Aplica;No Aplica
Centro de Imagenología Médica ImagenSalud;San Fernando;Calle;608;Carampangue;722585405;NO;No Aplica;No Aplica
Laboratorio Clínico Biomaas;San Fernando;Calle;635;Olegario Lazo;722 715450;NO;No Aplica;No Aplica
Laboratorio MediSalud;San Fernando;Calle;708;Carampange;722716396;NO;No Aplica;No Aplica
Vacunatorio Neumann & Bertin Ltda.;San Fernando;Calle;708;Carampange;722714827;NO;No Aplica;No Aplica
Centro de Diálisis San Fernando;San Fernando;Calle;550;Roble;Pendiente;NO;No Aplica;No Aplica
Posta de Salud Rural Roma;San Fernando;Calle;S/N;Aldea Roma de San José de Los Lingues;Pendiente;NO;No Aplica;No Aplica
Vacunatorio y Sala de Procedimientos Patricia Rojas Gajardo;San Fernando;Avenida;1172;Monseñor Larraín, box 2 y 3 interior Centro Médico;942114063;NO;No Aplica;No Aplica
Hospital San Juan de Dios de San Fernando;San Fernando;Calle;1401;Negrete;722335100;SI;Urgencia Hospitalaria (UEH);No Aplica
Servicio Médico Legal San Fernando;San Fernando;Calle;1492;Negrete;(72)716493;NO;No Aplica;No Aplica
SAPU Centro;San Fernando;Calle;S/N;Manso de Velasco;727285652;SI;Urgencia Ambulatoria (SAPU);Corto
Centro de Salud Familiar Chacabuco;San Fernando;Calle;S/N;Manso de Velasco;722336750;NO;No Aplica;No Aplica
Centro Comunitario de Salud Familiar Consultorio Chacabuco;San Fernando;Calle;S/N;Avelino Barros;Pendiente;NO;No Aplica;No Aplica
Posta de Salud Rural Las Viñas;Paredones;Calle;S/N;Sector Las Viñas;Pendiente;NO;No Aplica;No Aplica
Centro Comunitario de Salud Familiar Angostura;San Fernando;Calle;S/N;Las Américas, sector Angostura;Pendiente;NO;No Aplica;No Aplica
Posta de Salud Rural Pupilla;Palmilla;Calle;S/N;Aldea Pupilla;Pendiente;NO;No Aplica;No Aplica
Posta de Salud Rural San José del Carmen;Palmilla;Calle;S/N;Aldea San José del Carmen;Pendiente;NO;No Aplica;No Aplica
Posta de Salud Rural Molineros;Pumanque;Calle;S/N;Caserío Molineros;Pendiente;NO;No Aplica;No Aplica
Posta de Salud Rural Rinconada;San Vicente;Calle;S/N;Aldea Rinconada;Pendiente;NO;No Aplica;No Aplica
Posta de Salud Rural Idahue;San Vicente;Calle;S/N;Idahue;Pendiente;NO;No Aplica;No Aplica
Posta de Salud Rural Alto Ramírez;Pichilemu;Calle;S/N;Caserío Alto Ramírez;Pendiente;NO;No Aplica;No Aplica
Centro de Salud Familiar Peralillo;Peralillo;Calle;S/N;Cardenal Caro;722336442;NO;No Aplica;No Aplica
SUR Peralillo;Peralillo;Calle;S/N;Cardenal Caro;722336442;SI;Urgencia Ambulatoria (SUR);No Aplica
Posta de Salud Rural El Tambo;San Vicente;Calle;S/N;Pueblo El Tambo;Pendiente;NO;No Aplica;No Aplica
Posta de Salud Rural Santa Irene;Palmilla;Calle;S/N;Aldea Santa Irene;Pendiente;NO;No Aplica;No Aplica
Posta de Salud Rural Cahuil;Pichilemu;Calle;S/N;Sector Cahuil;Pendiente;NO;No Aplica;No Aplica
Posta de Salud Rural Los Cardos;Peralillo;Calle;S/N;Caserío Los Cardos;Pendiente;NO;No Aplica;No Aplica
Centro de Salud Familiar de Pelequen;Malloa;Calle;S/N;Pueblo de Pelequen;Pendiente;NO;No Aplica;No Aplica
Posta de Salud Rural Población;Peralillo;Calle;S/N;Santísima Trinidad, Pueblo de Población;Pendiente;NO;No Aplica;No Aplica
Laboratorio Clínico del Carmen;San Vicente;Calle;642;Horacio Aranguiz;722573716;NO;No Aplica;No Aplica
Centro de Salud Familiar de Malloa;Malloa;Calle;127;Bernales;Pendiente;NO;No Aplica;No Aplica
SUR de Malloa;Malloa;Calle;127;Bernales;Pendiente;SI;Urgencia Ambulatoria (SUR);No Aplica
Hospital San Vicente de Tagua -Tagua;San Vicente;Calle;1100;Juan Bautista Pastene;722336300;SI;Urgencia Hospitalaria (UEH);No Aplica
Laboratorio Márquez y Guajardo Ltda.;San Vicente;Avenida;463;Exequiel;722571441;NO;No Aplica;No Aplica
Laboratorio Clínico San Vicente;San Vicente;Calle;463;Exequiel González;722571441;NO;No Aplica;No Aplica
SAR San Vicente de Tagua Tagua;San Vicente;Calle;167;General Velasquez;722326862;SI;Urgencia ambulatoria (SAR);No Aplica
ImmunisSalud Ltda.;San Vicente;Calle;708;Carampange;961547551;NO;No Aplica;No Aplica
Centro de Salud y Prevención AChS San Vicente de Tagua Tagua;San Vicente;Avenida;1185;Germán;722571695;NO;No Aplica;No Aplica
Centro de Salud Familiar San Vicente de Tagua Tagua;San Vicente;Avenida;460;Central;722342050;NO;No Aplica;No Aplica
Urodial Ltda.;San Vicente;Avenida;1285;España;Pendiente;NO;No Aplica;No Aplica
Posta de Salud Rural Popeta;Rengo;Calle;S/N;La Granja, Caserío Popeta;Pendiente;NO;No Aplica;No Aplica
Posta de Salud Rural Pencahue;San Vicente;Calle;S/N;Aldea Pencahue;Pendiente;NO;No Aplica;No Aplica
Posta de Salud Rural Larmahue;Pichidegua;Calle;S/N;Aldea de Larmahue;Pendiente;NO;No Aplica;No Aplica
Hospital Dr. Ricardo Valenzuela Sáez (Rengo);Rengo;Avenida;210;Renato Correa Labra;722337317;SI;Urgencia Hospitalaria (UEH);No Aplica
Centro de Diálisis Rengo;Rengo;Calle;680;Urriola;Pendiente;NO;No Aplica;No Aplica
Laboratorio Oscar Zúñiga Serrano;Rengo;Calle;680;Urriola;722510767;NO;No Aplica;No Aplica
Policlínico de la Asociación Chilena de Seguridad AChS Rengo;Rengo;Avenida;160;Portales;722510056;NO;No Aplica;No Aplica
Centro de Salud Familiar Rengo Urbano Oriente;Rengo;Calle;610;Quintalba;Pendiente;NO;No Aplica;No Aplica
Laboratorio Clinilab;Rengo;Calle;185;O'Higgins;722511481;NO;No Aplica;No Aplica
Posta de Salud Rural Santa Amelia;Pichidegua;Calle;S/N;Sector Santa Amelia;Pendiente;NO;No Aplica;No Aplica
Posta de Salud Rural Corcolén;Malloa;Calle;S/N;Aldea Corcolén;Pendiente;NO;No Aplica;No Aplica
Centro Médico Vida Rengo;Rengo;Avenida;354;Bisquert, Local 4 y 5 Edificio Valencia;950612198;NO;No Aplica;No Aplica
Posta de Salud Rural San Roberto;Pichidegua;Calle;S/N;Aldea San Roberto;Pendiente;NO;No Aplica;No Aplica
Posta de Salud Rural Calleuque;Peralillo;Calle;S/N;Caserío Calleuque;Pendiente;NO;No Aplica;No Aplica
Hospital de Marchigüe;Marchihue;Calle;410;Laureano Cornejo;722336850;SI;Urgencia Hospitalaria (UEH);No Aplica
Posta de Salud Rural Cerrillos (Rengo);Rengo;Avenida;S/N;Bernardo O'Higgins;Pendiente;NO;No Aplica;No Aplica
Centro de Diálisis Rengodial;Rengo;Calle;1761;Rengo;Pendiente;NO;No Aplica;No Aplica
SAR Dr. Rienzi Valencia;Rengo;Avenida;1850;Arturo Prat;722512720;SI;Urgencia ambulatoria (SAR);No Aplica
Centro de Salud Familiar Rengo;Rengo;Avenida;1850;Arturo Prat;722358900;NO;No Aplica;No Aplica
Sociedad Médica Diálisis Pichilemu Ltda.;Pichilemu;Avenida;1008;Millaco;Pendiente;NO;No Aplica;No Aplica
Hospital Del Salvador de Peumo;Peumo;Calle;20;San Juan de Dios;722336920;SI;Urgencia Hospitalaria (UEH);No Aplica
Hospital de Pichilemu;Pichilemu;Calle;151;Errázuriz;722336600;SI;Urgencia Hospitalaria (UEH);No Aplica
Posta de Salud Rural Lo Cartagena;Rengo;Calle;S/N;Aldea Lo Cartagena;Pendiente;NO;No Aplica;No Aplica
Posta de Salud Rural Lo de Lobos;Rengo;Calle;S/N;Caserío Lo de Lobo;Pendiente;NO;No Aplica;No Aplica
Posta de Salud Rural Zúñiga;San Vicente;Calle;S/N;El Manzano;Pendiente;NO;No Aplica;No Aplica
Hospital de Pichidegua;Pichidegua;Calle;160;O'Higgins;722337000;SI;Urgencia Hospitalaria (UEH);No Aplica
Centro Comunitario de Salud Familiar Guacarhue;Quinta de Tilcoco;Calle;S/N;José María Caro;Pendiente;NO;No Aplica;No Aplica
Posta de Salud Rural Rinconada de Alcones;Marchihue;Calle;S/N;Aldea Rinconada de Alcones;Pendiente;NO;No Aplica;No Aplica
Centro de Salud Familiar Quinta de Tilcoco;Quinta de Tilcoco;Avenida;299;Castro;722335491;NO;No Aplica;No Aplica
Centro de Salud Familiar Rosario;Rengo;Calle;S/N;San Ignacio;722336241;NO;No Aplica;No Aplica
SAPU Rosario;Rengo;Calle;145;San Ignacio;92212357;SI;Urgencia Ambulatoria (SAPU);Corto
Posta de Salud Rural Totihue;Requínoa;Calle;S/N;Sector Totihue;Pendiente;NO;No Aplica;No Aplica
Posta de Salud Rural Esmeralda;Rengo;Calle;5891;Camino Rosario – Quinta de Tilcoco, Sector Esmeralda;961565512;NO;No Aplica;No Aplica
Posta de Salud Rural Patagua Orilla;Pichidegua;Calle;S/N;Aldea Patagua Orilla;Pendiente;NO;No Aplica;No Aplica
Posta de Salud Rural Patagua Cerro;Pichidegua;Calle;S/N;Aldea Patagua Cerro;Pendiente;NO;No Aplica;No Aplica
Centro de Salud Familiar La Esperanza;Peumo;Calle;18;Isla;722665625;NO;No Aplica;No Aplica
SUR Peumo;Peumo;Calle;18;Isla;722665625;SI;Urgencia Ambulatoria (SUR);No Aplica
Posta de Salud Rural San José de Marchigue;Pichidegua;Calle;S/N;Aldea San José de Marchihue;Pendiente;NO;No Aplica;No Aplica
Posta de Salud Rural Pailimo;Marchihue;Calle;S/N;Caserío Pailimo;Pendiente;NO;No Aplica;No Aplica
Posta de Salud Rural Cardonal de Panilonco;Pichilemu;Calle;S/N;Aldea Cardonal de Panilonco;Pendiente;NO;No Aplica;No Aplica
Posta de Salud Rural Idahue;Coltauco;Calle;S/N;Aldea Idahue;Pendiente;NO;No Aplica;No Aplica
Centro de Salud Familiar Las Cabras;Las Cabras;Calle;506;John Kennedy;722501477;NO;No Aplica;No Aplica
SUR Las Cabras;Las Cabras;Calle;506;John Kennedy;722501477;SI;Urgencia Ambulatoria (SUR);No Aplica
Centro de Salud Familiar Requínoa;Requínoa;Calle;S/N;Comercio;722336040;NO;No Aplica;No Aplica
SUR Requínoa;Requínoa;Calle;S/N;Comercio;722336040;SI;Urgencia Ambulatoria (SUR);No Aplica
Centro de Salud Familiar Francisco Labrin de Coltauco;Coltauco;Avenida;S/N;Arturo Prat;722338580;NO;No Aplica;No Aplica
SUR Coltauco;Coltauco;Avenida;S/N;Arturo Prat;722338580;SI;Urgencia Ambulatoria (SUR);No Aplica
Centro Comunitario de Salud Familiar Chumaquito;Requínoa;Calle;21;Camino El Descanso, sector Chumaquito;722975703;NO;No Aplica;No Aplica
Posta de Salud Rural El Abra;Requínoa;Calle;1;Campo Lindo;Pendiente;NO;No Aplica;No Aplica
Hospital de Coínco;Coinco;Calle;157;Francisco Díaz Muñoz;722337550;SI;Urgencia Hospitalaria (UEH);No Aplica
Centro Comunitario de Salud Familiar Loreto;Coltauco;Calle;143;Juan Pablo II, sector Loreto.;722350403;NO;No Aplica;No Aplica
Posta de Salud Rural El Carmen ( Las Cabras);Las Cabras;Calle;S/N;Aldea El Carmen;Pendiente;NO;No Aplica;No Aplica
Posta de Salud Rural Rinconada de Parral;Coltauco;Calle;S/N;Caserío Rinconada de Parral;Pendiente;NO;No Aplica;No Aplica
Posta de Salud Rural Olivar Bajo;Olivar;Calle;S/N;Julio Montt;Pendiente;NO;No Aplica;No Aplica
Posta de Salud Rural Lo de Cuevas;Coltauco;Calle;S/N;Aldea Lo de Cuevas;Pendiente;NO;No Aplica;No Aplica
Posta de Salud Rural Los Lirios;Requínoa;Avenida;S/N;Los Lirios;Pendiente;NO;No Aplica;No Aplica
Centro de Salud Familiar Doñihue;Doñihue;Pasaje;S/N;Dr. Sanhueza;800500604;NO;No Aplica;No Aplica
COSAM Sur Doñihue;Doñihue;Calle;S/N;Dr. Sanhueza;Pendiente;NO;No Aplica;No Aplica
SUR Doñihue;Doñihue;Pasaje;S/N;Dr. Sanhueza;800500604;SI;Urgencia Ambulatoria (SUR);No Aplica
Posta de Salud Rural Llallauquén;Las Cabras;Calle;S/N;Aldea Llallauquén;Pendiente;NO;No Aplica;No Aplica
Centro de Salud Familiar Olivar Alto;Olivar;Calle;200;Rafael Estrada;Pendiente;NO;No Aplica;No Aplica
SUR Olivar;Olivar;Calle;200;Rafael Estrada;Pendiente;SI;Urgencia Ambulatoria (SUR);No Aplica
Centro de Salud Familiar La Estrella;La Estrella;Calle;S/N;21 de Mayo;722335750;NO;No Aplica;No Aplica
SUR La Estrella;La Estrella;Calle;S/N;21 de Mayo;722335750;SI;Urgencia Ambulatoria (SUR);No Aplica
Posta de Salud Rural La Cebada;Las Cabras;Calle;S/N;Aldea La Cebada;Pendiente;NO;No Aplica;No Aplica
Posta de Salud Rural Cocalan;Las Cabras;Calle;S/N;La Represa;Pendiente;NO;No Aplica;No Aplica
Centro de Salud Familiar Gultro;Olivar;Calle;S/N;Orocoipo;722231958;NO;No Aplica;No Aplica
Posta de Salud Rural Coya;Machalí;Calle;S/N;Bocatoma;Pendiente;NO;No Aplica;No Aplica
Posta de Salud Rural La Panchina;Las Cabras;Calle;S/N;Sector La Panchina;Pendiente;NO;No Aplica;No Aplica
Centro de Salud Familiar Lo Miranda;Doñihue;Calle;S/N;Pedro Aguirre Cerda;Pendiente;NO;No Aplica;No Aplica
Centro Comunitario de Salud Familiar Dr. Eduardo de Geyter;Rancagua;Calle;769;Santa Adela;722338592;NO;No Aplica;No Aplica
Hospital Clínico Fusat Rancagua;Rancagua;Calle;1002;Carretera del Cobre;722205300;SI;Urgencia Hospitalaria (UEH);No Aplica
Clínica Mella;Rancagua;Avenida;1313;Presidente Freire;722204385;NO;No Aplica;No Aplica
Centro Odontológico Uno Salud Dental Rancagua;Rancagua;Calle;957;Javiera Carrera, Local 1;227638962;NO;No Aplica;No Aplica
Centro InterSalud Rancagua;Rancagua;Calle;1330;Carretera del Cobre;722205300;NO;No Aplica;No Aplica
Instituto de Seguridad del Trabajo (Rancagua);Rancagua;Carretera;1330;Carretera del cobre 1330 Edificio InterSalud;722213113 - 992271548;NO;No Aplica;No Aplica
Servicio Médico Legal Rancagua;Rancagua;Calle;37;Río Loco;(72)226400;NO;No Aplica;No Aplica
Laboratorio Torre Médica;Rancagua;Calle;1049;Bombero Villalobos;722219096;NO;No Aplica;No Aplica
Clínica Isamedica;Rancagua;Calle;884;Carretera del Cobre;722200014;SI;Urgencia Hospitalaria (UEH);No Aplica
Centro de Diálisis DIAL;Rancagua;Calle;884;Carretera Presidente Frei Montalva;Pendiente;NO;No Aplica;No Aplica
Centro de Salud Familiar Dr. Osvaldo Ruz Orrego de Machalí;Machalí;Calle;398;Castro;722204957;NO;No Aplica;No Aplica
SAPU Machalí;Machalí;Calle;420;Miranda;722411800;SI;Urgencia Ambulatoria (SAPU);Corto
Centro Médico y Dental Tipo B;Rancagua;Calle;515;Bueras;722972070;NO;No Aplica;No Aplica
Centro Comunitario de Salud Familiar Santa Teresa;Machalí;Calle;497;Patria Nueva, Población Santa Teresita;722746985;NO;No Aplica;No Aplica
Posta de Salud Rural El Manzano;Las Cabras;Calle;S/N;Pueblo El Manzano;Pendiente;NO;No Aplica;No Aplica
Centro de Salud Familiar N° 2 Dr. Eduardo Geyter;Rancagua;Calle;S/N;Almarza;722335991;NO;No Aplica;No Aplica
SAPU Eduardo de Geyter;Rancagua;Calle;1064;Almarza;71356196;SI;Urgencia Ambulatoria (SAPU);Corto
Hospital de Campaña Estadio el Teniente;Rancagua;Calle;818;Almarza;Pendiente;NO;No Aplica;No Aplica
Centro de Diálisis Interdial Limitada;Rancagua;Calle;131;Ibieta;Pendiente;NO;No Aplica;No Aplica
Centro de Salud Familiar N° 3 Dr. Abel Zapata;Rancagua;Calle;S/N;Miguel Ramírez;722335050;NO;No Aplica;No Aplica
SAPU Abel Zapata;Rancagua;Calle;10;Bombero Villalobos;71356390;SI;Urgencia Ambulatoria (SAPU);Corto
Centro Médico Lantadilla;Rancagua;Avenida;560;Freire;722241160;NO;No Aplica;No Aplica
MegaSalud S.A. Centro Médico y Dental Rancagua;Rancagua;Calle;206;Germán Riesco;722239813;NO;No Aplica;No Aplica
Centro Médico y Dental La Araucana Rancagua;Rancagua;Calle;829;O´Carrol;Pendiente;NO;No Aplica;No Aplica
COSAM Centro 1 de Rancagua;Rancagua;Calle;339;Freire;Pendiente;NO;No Aplica;No Aplica
Centro de Referencia de Salud CREF La Brújula;Rancagua;Calle;165;Cuevas;722226959;NO;No Aplica;No Aplica
Centro de Diálisis Integral;Rancagua;Calle;195;Cuevas;Pendiente;NO;No Aplica;No Aplica
Posta de Salud Rural El Durazno (Las Cabras);Las Cabras;Calle;S/N;Sector El Durazno;Pendiente;NO;No Aplica;No Aplica
Integramédica Rancagua;Rancagua;Calle;405;Tte. Coronel José Bernardo Cuevas, Pisos 5 y 6;6006366666;NO;No Aplica;No Aplica
Centro Odontológico Uno Salud Dental Rancagua Dos;Rancagua;Calle;221;Campos, Local 2 y 3;227638962;NO;No Aplica;No Aplica
Laboratorios Mendel SpA;Rancagua;Calle;451;Mujica;950062133;NO;No Aplica;No Aplica
Laboratorio Clínico CORMUN de Rancagua;Rancagua;Calle;335;Viña del Mar;722227808;NO;No Aplica;No Aplica
Centro de Salud Familiar N° 1 Dr. Enrique Dintrans;Rancagua;Calle;S/N;Provincial Irene Frei;722222750;NO;No Aplica;No Aplica
Laboratorio Clínico Indira (Colon);Rancagua;Calle;361;Cáceres;Pendiente;NO;No Aplica;No Aplica
SAR Enrique Dintrans;Rancagua;Avenida;626;Baquedano;98175327;SI;Urgencia Ambulatoria (SAPU);Pendiente
Hospital del Trabajador AChS;Rancagua;Avenida;317;Libertador Bernardo O'Higgins;722205500;NO;No Aplica;No Aplica
Laboratorio Clínico Bionet S.A. - Rancagua;Rancagua;Calle;317;Alameda;725155582;NO;No Aplica;No Aplica
Clínica de Salud Integral;Rancagua;Calle;645;Cáceres;722200800;SI;Urgencia Hospitalaria (UEH);No Aplica
CIMEK;Rancagua;Calle;56;Astorga;72 2333900;NO;No Aplica;No Aplica
Laboratorio Clínico Dr. Mejía;Rancagua;Calle;47;Estado;722239792;NO;No Aplica;No Aplica
Laboratorio Vita Nova Alameda;Rancagua;Avenida;386;Libertador Bernardo O'Higgins;722232266;NO;No Aplica;No Aplica
Centro Médico O'Carrol Salud;Rancagua;Avenida;430;Libertador Bernardo O'Higgins;Pendiente;NO;No Aplica;No Aplica
Laboratorio Clínico Alemán;Rancagua;Calle;561;Alameda;722236567;NO;No Aplica;No Aplica
Laboratorio San Lucas;Rancagua;Calle;560;Alameda;Pendiente;NO;No Aplica;No Aplica
Laboratorio Clínico Labdiagnotic;Rancagua;Calle;19;Astorga;722242249;NO;No Aplica;No Aplica
Centro de Salud Familiar N° 5 Dr. Juan Chiorrini;Rancagua;Avenida;S/N;La Compañía;722261001;NO;No Aplica;No Aplica
COSAM Centro 2 de Rancagua;Rancagua;Calle;189;German Riesco;Pendiente;NO;No Aplica;No Aplica
Hospital Regional de Rancagua;Rancagua;Calle;611;Alameda;722728157;SI;Urgencia Hospitalaria (UEH);No Aplica
Clínica Dental Móvil Triple. Pat. PW4103 (Rancagua);Rancagua;Calle;609;Alameda;Pendiente;NO;No Aplica;No Aplica
Unidad de Salud Funcionario S.S Del Libertador Bernardo O'Higgins;Rancagua;Calle;609;Alameda;Pendiente;NO;No Aplica;No Aplica
Actividades gestionadas por la Dirección del Servicio para apoyo de la Red (S.S Del Libertador Bernardo O'Higgins);Rancagua;Calle;609;Alameda;Pendiente;NO;No Aplica;No Aplica
PRAIS (S.S Del Libertador Bernardo O'Higgins);Rancagua;Calle;609;Alameda;Pendiente;NO;No Aplica;No Aplica
SAR Oriente;Rancagua;Calle;702;Juan Martinez de Rosas, Poblacion Manuel Rodríguez;722329273;SI;Urgencia ambulatoria (SAR);No Aplica
Servicios Médicos y Diálisis Ltda.;Rancagua;Calle;265;Rajcevich;Pendiente;NO;No Aplica;No Aplica
Clínica Mutual de Seguridad CChC Rancagua;Rancagua;Calle;390;República de Chile;722253671;NO;No Aplica;No Aplica
Centro Comunitario de Salud Familiar San Rafael;Rancagua;Calle;S/N;Provincial Irene Frei;722222750;NO;No Aplica;No Aplica
Centro de Salud Familiar Nº 4 Dra. María Latife;Rancagua;Avenida;397;Republica;722203600, anexo 4103;NO;No Aplica;No Aplica
SAR María Latife;Rancagua;Avenida;S/N;Republica de Chile;722252395;SI;Urgencia ambulatoria (SAR);No Aplica
Centro de Salud Familiar N° 6 Ignacio Caroca;Rancagua;Avenida;1790;Constanza;722675900;NO;No Aplica;No Aplica
SAPU Ignacio Caroca;Rancagua;Avenida;1790;Constanza;82948955;SI;Urgencia Ambulatoria (SAPU);Corto
Hospital Penitenciario de Rancagua;Rancagua;Calle;S/N;La Gonzalina;722326649;NO;No Aplica;No Aplica
Posta de Salud Rural Pulin;Litueche;Calle;S/N;Pulin;Pendiente;NO;No Aplica;No Aplica
Centro Comunitario de Salud Familiar Ciudad de Paju;Rancagua;Calle;1249;Los Arcángeles;722270126;NO;No Aplica;No Aplica
Centro Comunitario de Salud Familiar Tuncahue;Codegua;Calle;1015;RUTA H-15, Sector Tuncahue S/N;722973500;NO;No Aplica;No Aplica
Hospital de Litueche;Litueche;Calle;728;Cardenal Caro;722337050;SI;Urgencia Hospitalaria (UEH);No Aplica
Posta de Salud Rural Santa Inés;Las Cabras;Calle;S/N;Aldea Santa Inés;Pendiente;NO;No Aplica;No Aplica
COSAM Norte Graneros;Graneros;Calle;140;Camino Real;Pendiente;NO;No Aplica;No Aplica
Hospital Santa Filomena de Graneros;Graneros;Avenida;550;Compañía;722337600;SI;Urgencia Hospitalaria (UEH);No Aplica
Centro de Salud Familiar Codegua;Codegua;Calle;376;O'Higgins;722335740;NO;No Aplica;No Aplica
SUR Codegua;Codegua;Calle;376;O'Higgins;722335740;SI;Urgencia Ambulatoria (SUR);No Aplica
Posta de Salud Rural Quelentaro;Litueche;Calle;S/N;Carretera Pasado Central Rapel, Caserío Quelentaro;Pendiente;NO;No Aplica;No Aplica
Posta de Salud Rural Pupuya;Navidad;Calle;S/N;Caserío Pupuya;Pendiente;NO;No Aplica;No Aplica
Posta de Salud Rural San Vicente de Pucalán;Navidad;Calle;S/N;Caserío San Vicente de Pucalán;Pendiente;NO;No Aplica;No Aplica
Posta de Salud Rural La Punta;Mostazal;Avenida;S/N;La Villa, Pueblo La Punta;Pendiente;NO;No Aplica;No Aplica
Centro de Salud Familiar San Francisco Mostazal;Mostazal;Calle;S/N;Luco;722335537;NO;No Aplica;No Aplica
SUR San Francisco de Mostazal;Mostazal;Calle;S/N;Luco;722335537;SI;Urgencia Ambulatoria (SUR);No Aplica
Centro de Salud Familiar Valle Mar Navidad;Navidad;Calle;25;Plaza General Bonilla;722336154;NO;No Aplica;No Aplica
SUR Navidad;Navidad;Calle;25;Plaza General Bonilla;722336154;SI;Urgencia Ambulatoria (SUR);No Aplica
Posta de Salud Rural Rapel (Navidad);Navidad;Calle;S/N;Aldea Rapel;Pendiente;NO;No Aplica;No Aplica
Unidad de Vacunación Móvil Del Libertador Gral. B. O'Higgins;Rancagua;No Aplica;No Aplica;No Aplica;No Aplica;NO;No Aplica;No Aplica
Dialisis San Jose Chimbarongo E.I.R.L SURCUSAL GRANEROS;Graneros;Calle;458;Juan Pablo Primero;22 319 3715;NO;No Aplica;No Aplica
Centro de Dialisis Municipal de Coltauco;Coltauco;Avenida;40;República de Chile;722350463;NO;No Aplica;No Aplica
Laboratorio Clínico ImagenSalud;San Fernando;Calle;608;Carampangue 608;56967502089;NO;No Aplica;No Aplica
Centro Clinico Pasteur;Santa Cruz;Calle;334;Nicolas Palacios 334;99434318;NO;No Aplica;No Aplica
Centro de Apoyo Comunitario para personas con Demencia “ARREBOL”;Rancagua;Calle;182;Guillermo Saavedra;(56) 72 2349290 Anexo: 729290;NO;No Aplica;No Aplica
Centro de Salud Familiar N° 8 Dr. Nicolás Díaz Sánchez;Rancagua;Avenida;2411;Nelsón Pereira;722332800, anexo 4000-4001;NO;No Aplica;No Aplica
Centro de Diálisis Peumodial;Peumo;Calle;320;Walker Martinez;56443057834;NO;No Aplica;No Aplica
Centro de Diálisis Rengodial Suc Rgua;Rancagua;Avenida;783;Bombero Villalobos;56443057834;NO;No Aplica;No Aplica
Servicio de Urgencia Rural Gultro;Olivar;Calle;201;Orocoipo , Gultro;722332430 - red MINSAL: 722430;SI;Urgencia ambulatoria;No Aplica
Labotest;San Fernando;Avenida;724;Manuel Rodriguez;56956293882;NO;No Aplica;No Aplica
LABORATORIO LEMULAB;Pichilemu;Calle;355;José Joaquín Aguirre;722842368;NO;No Aplica;No Aplica
CENTRO DE PROCEDIMIENTOS Y ATENCIONES CLÍNICAS VIDA RENGO SUC MACHALÍ;Machalí;Calle;20;PUCARA;942073567;NO;No Aplica;No Aplica
CENTRO MEDICO UCCHRISTUS RANCAGUA;Rancagua;Avenida;290;Nueva Einstein;29449073;NO;No Aplica;No Aplica
Centro integral y vacunatorio TRICAHUE;Rancagua;Calle;363;Tenientes Jose y Manuel Campos;978078091;NO;No Aplica;No Aplica
CEOFT, Clínica de Especialidades Oftalmológicas;Rancagua;Carretera;1330;Presidente Frei Montalva;722-359800;NO;No Aplica;No Aplica
Uno Salud Dental Rancagua 3;Rancagua;Calle;477;Paseo Independencia;952166865;No;No Aplica;No Aplica
CLINICA VIDA RENGO;Machalí;Calle;20;Pucará;942073567;No;No Aplica;No Aplica
Vacunatorio Aguamarina Salud Limitada;Olivar;Camino;;Camino a Termas de Cauquenes KM 1, Lote 1.Gultro;569 99975729;NO;No Aplica;No Aplica
